usage_id,customer_id,month,data_used_gb,call_minutes
1,1029,01-05-2025,27.96,896
2,1067,01-07-2025,89.52,488
3,626,01-06-2025,60.75,198
4,626,01-08-2025,39.21,660
5,185,01-03-2025,60.66,177
6,492,01-08-2025,89.82,358
7,1179,01-12-2024,6.4,605
8,1135,01-11-2025,88.38,41
9,869,01-11-2025,64.64,299
10,983,01-11-2025,47.79,1110
11,256,01-03-2025,39.11,409
12,15,01-12-2024,68.13,1114
13,707,01-01-2025,23.96,1101
14,87,01-03-2025,58.09,365
15,1073,01-08-2025,85.96,378
16,154,01-04-2025,35.5,293
17,1053,01-02-2025,34.21,124
18,866,01-06-2025,47.58,369
19,765,01-02-2025,92.15,712
20,512,01-02-2025,79.18,261
21,595,01-07-2025,29.12,621
22,543,01-05-2025,21.03,1184
23,807,01-06-2025,21.44,644
24,1056,01-07-2025,78.62,92
25,949,01-08-2025,84.89,1019
26,118,01-08-2025,34.44,962
27,673,01-12-2024,29.04,239
28,11,01-12-2024,33.87,401
29,824,01-08-2025,34.33,227
30,883,01-01-2025,47.25,193
31,1084,01-06-2025,49.35,334
32,842,01-03-2025,12.64,1018
33,15,01-04-2025,15.63,532
34,464,01-11-2025,45.25,786
35,613,01-08-2025,35.26,393
36,1099,01-09-2025,77.29,242
37,899,01-06-2025,62.69,919
38,332,01-05-2025,14.15,908
39,12,01-07-2025,34.77,426
40,227,01-09-2025,18.82,102
41,274,01-10-2025,38.09,698
42,65,01-12-2025,16.07,427
43,982,01-06-2025,91.21,564
44,244,01-12-2024,40.58,1146
45,1015,01-12-2024,76.18,280
46,666,01-02-2025,71.6,838
47,1028,01-03-2025,69.24,816
48,270,01-06-2025,11.31,240
49,44,01-12-2024,12.86,724
50,1025,01-10-2025,2.28,504
51,107,01-03-2025,64.76,720
52,880,01-10-2025,92.79,36
53,890,01-10-2025,46.14,597
54,996,01-06-2025,8.77,898
55,508,01-07-2025,59.06,1067
56,383,01-08-2025,24.45,255
57,540,01-12-2024,94.46,526
58,879,01-08-2025,19.65,231
59,1029,01-04-2025,58.44,406
60,305,01-03-2025,22.56,290
61,822,01-04-2025,4.61,413
62,300,01-12-2024,41.07,428
63,187,01-09-2025,82.25,798
64,835,01-09-2025,50.35,493
65,455,01-07-2025,32.6,1001
66,126,01-10-2025,48.93,125
67,624,01-09-2025,11.35,764
68,575,01-02-2025,89.64,876
69,506,01-12-2024,31.07,117
70,373,01-02-2025,4.84,126
71,659,01-04-2025,20.93,986
72,574,01-05-2025,86.4,226
73,883,01-01-2025,18.37,1026
74,745,01-08-2025,32.42,248
75,199,01-03-2025,63.88,1150
76,267,01-11-2025,32.13,760
77,1084,01-07-2025,57.84,507
78,566,01-04-2025,20.74,806
79,179,01-05-2025,84.4,287
80,247,01-04-2025,4.86,410
81,396,01-02-2025,67.24,222
82,154,01-05-2025,89.53,722
83,618,01-03-2025,69.18,433
84,1093,01-01-2025,68.75,109
85,262,01-11-2025,19.02,1147
86,518,01-03-2025,84.81,1167
87,712,01-01-2025,85.12,938
88,241,01-08-2025,86.62,158
89,989,01-07-2025,40.39,1051
90,45,01-05-2025,16.69,581
91,265,01-03-2025,28.23,1179
92,125,01-04-2025,75.67,409
93,815,01-04-2025,47.53,1110
94,1052,01-11-2025,92.32,358
95,897,01-12-2024,71.57,806
96,1152,01-07-2025,74.26,840
97,557,01-11-2025,20.45,27
98,328,01-09-2025,54.76,38
99,1051,01-04-2025,43.81,1095
100,531,01-02-2025,29.52,471
101,607,01-01-2025,67.58,1150
102,244,01-08-2025,17.08,113
103,1093,01-05-2025,23.39,100
104,304,01-05-2025,89.55,588
105,273,01-07-2025,26.42,125
106,510,01-12-2024,94.02,450
107,1095,01-07-2025,11.92,731
108,756,01-07-2025,31.51,1144
109,541,01-01-2025,68.88,856
110,604,01-01-2025,31.52,137
111,22,01-08-2025,78.45,469
112,573,01-05-2025,17.61,52
113,1101,01-07-2025,62.79,237
114,783,01-12-2025,89.89,547
115,1129,01-07-2025,20.38,925
116,452,01-04-2025,31.48,437
117,1192,01-08-2025,60.2,829
118,319,01-10-2025,42.93,908
119,755,01-10-2025,14.94,1001
120,192,01-07-2025,47.62,960
121,379,01-11-2025,77.67,380
122,387,01-05-2025,54.55,389
123,578,01-02-2025,2.98,353
124,364,01-05-2025,77.84,404
125,143,01-03-2025,14.49,893
126,503,01-04-2025,43.77,844
127,206,01-09-2025,69.08,301
128,25,01-12-2024,57.71,793
129,787,01-03-2025,2.95,47
130,90,01-12-2024,13.42,191
131,549,01-04-2025,14.41,47
132,20,01-07-2025,91.02,237
133,1111,01-03-2025,70.2,713
134,175,01-07-2025,20.02,1003
135,1153,01-09-2025,84.88,354
136,630,01-02-2025,32.19,336
137,500,01-01-2025,6.25,567
138,1114,01-10-2025,12.57,111
139,211,01-07-2025,52.2,230
140,1048,01-01-2025,84.33,870
141,291,01-09-2025,1.11,479
142,50,01-12-2024,22.31,809
143,302,01-09-2025,34.21,607
144,463,01-10-2025,87.64,807
145,231,01-11-2025,47.23,245
146,460,01-08-2025,10.56,597
147,732,01-04-2025,8.17,703
148,243,01-05-2025,34.89,193
149,89,01-06-2025,57.82,384
150,878,01-09-2025,50.87,391
151,871,01-08-2025,15.12,637
152,588,01-05-2025,33.75,232
153,556,01-08-2025,87.13,775
154,544,01-07-2025,77.21,176
155,5,01-08-2025,82,324
156,301,01-08-2025,31.1,819
157,915,01-09-2025,68.81,999
158,138,01-06-2025,11.64,895
159,571,01-03-2025,14.6,681
160,262,01-10-2025,18.1,808
161,723,01-11-2025,31.02,888
162,986,01-05-2025,66.18,867
163,683,01-09-2025,13.99,523
164,785,01-06-2025,40.35,1038
165,1104,01-11-2025,51.17,1110
166,1099,01-10-2025,78.21,807
167,172,01-08-2025,55.61,883
168,1080,01-07-2025,55.32,469
169,179,01-08-2025,23.11,25
170,417,01-04-2025,94.43,55
171,743,01-10-2025,53.49,293
172,226,01-09-2025,6.6,735
173,740,01-07-2025,80.78,305
174,604,01-08-2025,44.28,1149
175,863,01-03-2025,23.79,479
176,115,01-07-2025,71.22,260
177,294,01-12-2024,36.48,73
178,870,01-01-2025,35.94,237
179,1192,01-04-2025,7.93,343
180,62,01-07-2025,14.81,309
181,162,01-12-2024,24.03,45
182,1166,01-05-2025,79.12,872
183,307,01-11-2025,72.95,982
184,287,01-04-2025,71.32,633
185,963,01-01-2025,39.68,710
186,910,01-08-2025,74.45,47
187,588,01-10-2025,11.46,142
188,66,01-04-2025,57.79,375
189,1031,01-10-2025,16.07,831
190,868,01-03-2025,64.91,950
191,1135,01-05-2025,67.87,548
192,1172,01-03-2025,48.18,485
193,868,01-03-2025,88.56,576
194,189,01-03-2025,50.02,276
195,434,01-09-2025,38.64,134
196,449,01-01-2025,37.88,1165
197,159,01-10-2025,77.76,979
198,978,01-01-2025,30.44,849
199,780,01-06-2025,16.49,780
200,869,01-02-2025,19.3,242
201,214,01-05-2025,8.31,707
202,58,01-01-2025,23.52,353
203,1110,01-07-2025,11.01,453
204,23,01-09-2025,72.11,653
205,385,01-11-2025,52.86,86
206,493,01-08-2025,26.3,1187
207,1157,01-08-2025,5.22,1010
208,94,01-08-2025,5.52,210
209,633,01-03-2025,1.8,750
210,579,01-01-2025,91.12,1044
211,400,01-11-2025,30.56,820
212,729,01-09-2025,92.54,219
213,679,01-02-2025,39.28,1051
214,207,01-12-2024,48.2,327
215,49,01-10-2025,56.19,802
216,977,01-09-2025,56.12,96
217,595,01-07-2025,16.15,968
218,162,01-02-2025,84.21,211
219,475,01-04-2025,84.13,308
220,330,01-01-2025,94.38,1047
221,1058,01-03-2025,94.27,1091
222,700,01-06-2025,43.06,288
223,695,01-06-2025,28.34,902
224,82,01-10-2025,84.72,813
225,490,01-04-2025,20.63,173
226,313,01-01-2025,54.29,1038
227,200,01-05-2025,76.64,312
228,634,01-06-2025,52.43,198
229,1022,01-12-2025,9.85,662
230,348,01-01-2025,88.8,350
231,140,01-06-2025,27.33,764
232,724,01-07-2025,9.39,386
233,944,01-03-2025,25.25,989
234,525,01-12-2024,72.74,925
235,288,01-07-2025,89.34,1184
236,1000,01-02-2025,4.72,607
237,822,01-04-2025,39.45,284
238,903,01-02-2025,35.47,662
239,766,01-07-2025,8.85,866
240,1037,01-12-2024,43.31,107
241,117,01-03-2025,70.66,521
242,1149,01-12-2024,1.75,235
243,596,01-02-2025,36.33,1187
244,818,01-04-2025,81.26,476
245,796,01-02-2025,83.17,211
246,715,01-12-2024,44.79,1115
247,953,01-07-2025,11.26,389
248,222,01-06-2025,87.24,832
249,888,01-02-2025,19.75,693
250,133,01-04-2025,30.82,1015
251,436,01-02-2025,67.02,995
252,235,01-12-2024,27.17,98
253,1117,01-07-2025,15.64,982
254,299,01-05-2025,61.18,675
255,1164,01-06-2025,3.94,798
256,128,01-02-2025,89.03,760
257,881,01-02-2025,92.98,457
258,111,01-01-2025,20.88,66
259,867,01-05-2025,26.37,380
260,172,01-10-2025,14.32,580
261,830,01-03-2025,8.68,944
262,860,01-04-2025,50.33,551
263,377,01-10-2025,79.07,209
264,878,01-06-2025,33.15,628
265,337,01-11-2025,19.67,878
266,987,01-04-2025,45.7,349
267,895,01-08-2025,34.34,1188
268,797,01-09-2025,78.36,1168
269,407,01-07-2025,8.31,316
270,664,01-05-2025,63.42,668
271,30,01-09-2025,15.15,959
272,303,01-12-2024,47.95,668
273,233,01-12-2024,75.45,852
274,539,01-03-2025,49.95,27
275,923,01-08-2025,89.67,277
276,921,01-05-2025,61.06,219
277,75,01-12-2024,21.55,404
278,861,01-12-2024,66.47,360
279,774,01-11-2025,21.32,449
280,392,01-04-2025,92.34,49
281,759,01-05-2025,77.5,53
282,619,01-06-2025,85.29,1048
283,256,01-08-2025,66.74,953
284,848,01-12-2024,39.58,741
285,1111,01-07-2025,41.03,707
286,233,01-06-2025,88.08,959
287,878,01-06-2025,36.07,1152
288,334,01-10-2025,52.02,801
289,584,01-09-2025,80.44,915
290,581,01-05-2025,67,223
291,180,01-10-2025,76.76,232
292,184,01-05-2025,62.06,862
293,213,01-02-2025,47.66,1135
294,205,01-04-2025,60.55,1050
295,1191,01-05-2025,76.75,613
296,862,01-11-2025,20.92,951
297,1130,01-07-2025,36.82,420
298,962,01-09-2025,90.35,738
299,951,01-06-2025,39.82,830
300,16,01-11-2025,89.32,478
301,1040,01-07-2025,27.66,561
302,630,01-02-2025,79.82,869
303,495,01-01-2025,1.39,869
304,67,01-03-2025,2.46,334
305,767,01-10-2025,80.03,1082
306,651,01-06-2025,32.5,1191
307,881,01-08-2025,23.73,821
308,395,01-11-2025,58.93,825
309,106,01-12-2025,76.33,898
310,264,01-05-2025,89.3,819
311,356,01-05-2025,38.89,671
312,1060,01-12-2024,15.89,493
313,204,01-05-2025,67.74,278
314,1033,01-12-2024,12.13,822
315,533,01-08-2025,79.71,345
316,661,01-06-2025,20.15,211
317,53,01-08-2025,42.12,333
318,57,01-09-2025,59.1,1133
319,162,01-09-2025,54.75,71
320,268,01-06-2025,93.44,753
321,383,01-07-2025,23.53,474
322,609,01-01-2025,19.22,522
323,775,01-03-2025,73.42,125
324,564,01-08-2025,8.8,314
325,48,01-11-2025,61.01,231
326,228,01-12-2024,44.16,271
327,220,01-11-2025,14.33,556
328,370,01-10-2025,9.72,1032
329,741,01-08-2025,86.8,445
330,801,01-10-2025,10.46,64
331,848,01-01-2025,7.92,176
332,431,01-05-2025,65.61,788
333,643,01-01-2025,60.55,943
334,330,01-08-2025,17.9,40
335,366,01-04-2025,63.01,84
336,241,01-09-2025,92.74,730
337,992,01-09-2025,94.52,1139
338,11,01-08-2025,15.89,541
339,250,01-11-2025,19.13,80
340,1098,01-12-2025,3.17,1068
341,313,01-05-2025,21.33,767
342,236,01-09-2025,85.47,80
343,671,01-07-2025,14.03,190
344,260,01-05-2025,26.15,1006
345,409,01-11-2025,90.6,733
346,1130,01-01-2025,62.28,976
347,1016,01-10-2025,41.99,839
348,396,01-08-2025,24.51,425
349,576,01-11-2025,91.42,230
350,1196,01-01-2025,75.56,658
351,340,01-09-2025,75.65,1019
352,888,01-03-2025,83.99,887
353,557,01-10-2025,77.69,240
354,785,01-11-2025,41.36,1181
355,723,01-07-2025,36.15,151
356,921,01-01-2025,16.72,89
357,1048,01-03-2025,24.79,859
358,602,01-06-2025,57.76,1106
359,722,01-12-2025,38.44,254
360,369,01-01-2025,77.05,899
361,381,01-05-2025,34.63,168
362,441,01-10-2025,62.75,781
363,298,01-10-2025,74.27,270
364,20,01-08-2025,30.95,42
365,674,01-07-2025,21.09,1182
366,659,01-09-2025,85.48,1170
367,136,01-10-2025,37.25,454
368,1080,01-12-2024,21.44,1168
369,570,01-11-2025,68.33,173
370,1176,01-06-2025,84.91,883
371,892,01-03-2025,30.87,675
372,406,01-07-2025,19.53,1031
373,1022,01-04-2025,5.4,582
374,863,01-11-2025,12.21,947
375,351,01-04-2025,57.53,804
376,485,01-05-2025,55.18,603
377,37,01-04-2025,61.5,1199
378,10,01-12-2024,86.69,602
379,269,01-07-2025,80.11,844
380,76,01-01-2025,85.21,1100
381,81,01-07-2025,32.71,53
382,143,01-09-2025,45.17,870
383,617,01-04-2025,26.82,728
384,820,01-02-2025,8.5,661
385,1012,01-12-2024,58.56,825
386,612,01-11-2025,66.47,950
387,1011,01-01-2025,80.78,268
388,766,01-04-2025,89.14,230
389,60,01-12-2024,22.06,41
390,285,01-11-2025,10.88,681
391,893,01-03-2025,22.28,200
392,392,01-12-2025,69.07,775
393,1101,01-05-2025,94.02,127
394,532,01-04-2025,84.03,108
395,227,01-03-2025,5.51,643
396,154,01-11-2025,25.79,797
397,553,01-04-2025,66.67,302
398,1195,01-08-2025,44.31,278
399,654,01-12-2024,82.02,866
400,916,01-12-2024,63.81,1088
401,1081,01-10-2025,23.61,998
402,1004,01-04-2025,92.78,679
403,989,01-03-2025,22.23,560
404,607,01-07-2025,67.87,742
405,1144,01-02-2025,79.54,516
406,422,01-05-2025,66.33,173
407,1013,01-12-2025,6.67,46
408,443,01-08-2025,45.01,808
409,385,01-11-2025,46.84,717
410,428,01-11-2025,77.52,1100
411,1053,01-01-2025,81.7,658
412,930,01-03-2025,62.6,1053
413,217,01-07-2025,86.93,468
414,745,01-06-2025,37.24,946
415,1052,01-11-2025,20.08,839
416,385,01-04-2025,7.45,886
417,337,01-04-2025,65.51,229
418,302,01-04-2025,44.33,239
419,226,01-05-2025,23.61,963
420,384,01-12-2024,26.08,995
421,1088,01-07-2025,43.55,563
422,243,01-06-2025,88.13,192
423,726,01-01-2025,41.56,328
424,813,01-06-2025,48.21,1060
425,684,01-11-2025,6,578
426,758,01-03-2025,10.19,803
427,866,01-12-2024,19.23,407
428,825,01-12-2025,17.6,585
429,1085,01-10-2025,58.1,1082
430,888,01-03-2025,11.26,122
431,510,01-01-2025,91.14,469
432,236,01-01-2025,5.99,93
433,1179,01-05-2025,26.02,154
434,1090,01-07-2025,10.5,483
435,829,01-04-2025,37.84,227
436,451,01-12-2025,69.99,569
437,1015,01-07-2025,20.34,436
438,712,01-09-2025,60.87,609
439,7,01-08-2025,9.86,1050
440,977,01-05-2025,70.47,508
441,349,01-06-2025,30.62,162
442,342,01-05-2025,18.61,952
443,291,01-11-2025,91.45,991
444,877,01-07-2025,32.4,383
445,541,01-12-2025,83.84,369
446,20,01-05-2025,56.84,990
447,1195,01-02-2025,1.09,526
448,968,01-09-2025,11.28,55
449,1162,01-07-2025,64.92,615
450,468,01-10-2025,50.38,362
451,301,01-05-2025,73.87,224
452,624,01-10-2025,76.57,707
453,927,01-06-2025,47.12,738
454,1118,01-01-2025,25.19,1016
455,520,01-05-2025,35.24,47
456,723,01-09-2025,29.31,703
457,1061,01-09-2025,73.81,1011
458,231,01-11-2025,26.37,1083
459,43,01-09-2025,14.9,860
460,452,01-09-2025,62.98,310
461,732,01-01-2025,47.8,520
462,1183,01-01-2025,70.66,902
463,737,01-07-2025,20.39,202
464,397,01-05-2025,87.54,793
465,222,01-10-2025,91.75,1135
466,921,01-08-2025,93.81,1099
467,359,01-05-2025,25.94,734
468,679,01-10-2025,37.76,874
469,566,01-07-2025,30.08,104
470,1187,01-01-2025,49.89,723
471,252,01-08-2025,41.75,951
472,1161,01-04-2025,92.01,730
473,591,01-01-2025,11.36,37
474,1022,01-08-2025,88.16,321
475,956,01-09-2025,65.01,1091
476,594,01-12-2024,59.64,353
477,622,01-06-2025,46.76,152
478,604,01-02-2025,2.47,103
479,446,01-02-2025,27.6,272
480,109,01-02-2025,46.91,30
481,882,01-12-2024,34.11,21
482,103,01-08-2025,24.63,737
483,581,01-05-2025,74.81,1048
484,1149,01-01-2025,15.57,196
485,555,01-06-2025,14.41,422
486,885,01-09-2025,56.01,185
487,596,01-04-2025,21.57,989
488,727,01-11-2025,24.38,811
489,866,01-07-2025,38.52,220
490,536,01-10-2025,87.5,656
491,355,01-07-2025,54.01,680
492,1185,01-05-2025,14.08,428
493,513,01-09-2025,13.75,1155
494,409,01-10-2025,29.3,195
495,609,01-02-2025,54.27,964
496,1118,01-09-2025,18.24,914
497,197,01-04-2025,14.03,925
498,642,01-11-2025,48.36,752
499,960,01-09-2025,34.29,975
500,862,01-11-2025,91.38,964
501,57,01-02-2025,86.78,74
502,863,01-11-2025,9.31,307
503,620,01-03-2025,74.94,1068
504,765,01-09-2025,12.96,1132
505,1159,01-10-2025,83.51,129
506,805,01-12-2024,12.84,32
507,948,01-05-2025,76.9,1080
508,943,01-08-2025,79.88,193
509,113,01-06-2025,26.4,239
510,683,01-12-2024,56.87,615
511,1159,01-04-2025,46.26,698
512,125,01-07-2025,12.42,1066
513,109,01-04-2025,66.95,1077
514,296,01-06-2025,53.83,1034
515,280,01-06-2025,22.01,336
516,617,01-11-2025,60.05,33
517,994,01-03-2025,59.62,431
518,235,01-07-2025,7.31,333
519,248,01-12-2024,49.86,526
520,419,01-09-2025,10.74,70
521,1036,01-06-2025,42.72,133
522,250,01-01-2025,29.19,1010
523,377,01-07-2025,78.11,1139
524,534,01-04-2025,78.24,919
525,253,01-08-2025,41.64,64
526,379,01-08-2025,14.32,512
527,350,01-05-2025,49.08,1139
528,411,01-12-2024,45.76,613
529,593,01-03-2025,63.75,1029
530,753,01-07-2025,63.76,821
531,791,01-01-2025,66.58,239
532,951,01-07-2025,40.19,890
533,304,01-09-2025,3.63,956
534,247,01-12-2024,54.04,42
535,1189,01-04-2025,29.46,930
536,88,01-11-2025,86.36,746
537,286,01-02-2025,44.98,958
538,568,01-05-2025,1.86,344
539,733,01-02-2025,48.06,1050
540,432,01-01-2025,33.79,1095
541,800,01-07-2025,49.23,377
542,311,01-07-2025,34.08,1173
543,695,01-01-2025,44.19,306
544,571,01-10-2025,74.79,640
545,807,01-02-2025,7.41,1010
546,772,01-01-2025,91.48,389
547,1180,01-08-2025,67.6,1058
548,1077,01-04-2025,25.37,683
549,1190,01-05-2025,33.72,846
550,139,01-10-2025,5.22,345
551,475,01-01-2025,10.07,237
552,1023,01-01-2025,88.82,995
553,663,01-06-2025,72.43,504
554,216,01-02-2025,85.58,376
555,787,01-10-2025,72.05,880
556,132,01-02-2025,6.82,532
557,235,01-01-2025,4.52,169
558,905,01-12-2024,72.76,80
559,357,01-03-2025,31.19,940
560,774,01-08-2025,13.52,1195
561,1140,01-05-2025,19.78,537
562,1006,01-02-2025,42.13,605
563,462,01-03-2025,19.91,351
564,889,01-05-2025,77.5,413
565,177,01-09-2025,55.72,217
566,417,01-10-2025,4.12,307
567,11,01-01-2025,34.8,855
568,1164,01-10-2025,52.38,167
569,698,01-10-2025,18.42,1101
570,1017,01-10-2025,18.87,444
571,1169,01-03-2025,78.79,1045
572,722,01-01-2025,34.51,1164
573,283,01-04-2025,76.35,918
574,876,01-03-2025,59.79,165
575,1166,01-03-2025,8.35,1079
576,611,01-01-2025,10.49,1041
577,473,01-11-2025,5.84,1127
578,678,01-09-2025,3.12,613
579,515,01-05-2025,37.7,752
580,140,01-04-2025,83.01,343
581,590,01-07-2025,8.03,1198
582,495,01-05-2025,81.2,1044
583,640,01-04-2025,38.53,136
584,1119,01-04-2025,66.57,247
585,1194,01-07-2025,45.27,558
586,62,01-06-2025,4.03,883
587,535,01-06-2025,19.85,141
588,286,01-07-2025,20.2,695
589,128,01-03-2025,23.15,169
590,1155,01-10-2025,86.01,92
591,709,01-03-2025,93.22,872
592,166,01-05-2025,84.43,1000
593,266,01-06-2025,26.43,105
594,214,01-03-2025,4.35,1059
595,462,01-04-2025,62.13,903
596,979,01-11-2025,29.52,486
597,44,01-03-2025,88.54,73
598,402,01-10-2025,51.21,796
599,38,01-06-2025,52.93,126
600,793,01-03-2025,72.97,276
601,881,01-03-2025,66.93,1145
602,283,01-03-2025,11.86,261
603,754,01-09-2025,34.07,722
604,895,01-02-2025,87.3,507
605,476,01-04-2025,9.65,40
606,466,01-01-2025,39.83,1118
607,1164,01-07-2025,5.3,50
608,512,01-11-2025,77.39,176
609,117,01-03-2025,12.91,389
610,579,01-10-2025,5.11,736
611,501,01-10-2025,94.82,285
612,815,01-07-2025,46,270
613,158,01-12-2024,8.18,1133
614,422,01-10-2025,47.52,751
615,452,01-04-2025,42.69,639
616,752,01-12-2024,74.34,619
617,501,01-10-2025,50.52,567
618,654,01-11-2025,66.59,1051
619,214,01-03-2025,6.08,861
620,996,01-02-2025,27.3,436
621,281,01-12-2025,80.09,1086
622,473,01-02-2025,29.66,1152
623,432,01-02-2025,12.54,310
624,74,01-05-2025,92.92,921
625,930,01-01-2025,90.59,63
626,1022,01-06-2025,79.61,573
627,570,01-12-2024,56.29,635
628,174,01-07-2025,6.61,806
629,1015,01-07-2025,2.77,803
630,788,01-02-2025,42.74,479
631,422,01-10-2025,36.66,902
632,1091,01-03-2025,5.91,644
633,65,01-07-2025,51.91,732
634,54,01-11-2025,86.55,708
635,538,01-09-2025,77.16,463
636,57,01-11-2025,33.05,908
637,876,01-07-2025,74.57,136
638,224,01-01-2025,53.01,608
639,1096,01-02-2025,44.57,1192
640,1164,01-04-2025,73.29,552
641,333,01-11-2025,91.27,977
642,488,01-10-2025,13.4,51
643,575,01-03-2025,76.16,581
644,176,01-12-2024,94.89,1131
645,606,01-08-2025,32.73,828
646,80,01-07-2025,58.86,760
647,551,01-08-2025,62.97,45
648,255,01-05-2025,29.85,677
649,542,01-03-2025,80.67,928
650,948,01-09-2025,2.62,38
651,956,01-12-2024,4.48,754
652,984,01-07-2025,60.95,1159
653,447,01-03-2025,39.41,182
654,567,01-01-2025,85.32,1149
655,644,01-11-2025,90.61,922
656,369,01-09-2025,25.25,585
657,532,01-08-2025,82.69,280
658,466,01-10-2025,60.25,320
659,102,01-03-2025,22.87,98
660,378,01-01-2025,65.34,921
661,1188,01-01-2025,30.83,1153
662,467,01-09-2025,6.72,550
663,528,01-03-2025,2.52,743
664,1107,01-04-2025,68.52,500
665,717,01-01-2025,11.26,1058
666,909,01-12-2024,11.64,178
667,486,01-08-2025,20.18,1188
668,761,01-01-2025,78.94,871
669,147,01-07-2025,61.34,599
670,294,01-11-2025,3.32,757
671,687,01-10-2025,92.66,787
672,964,01-01-2025,89.59,622
673,64,01-11-2025,16.07,111
674,596,01-03-2025,88.45,72
675,218,01-08-2025,58.25,661
676,1047,01-12-2024,68.28,1060
677,1191,01-02-2025,68.01,460
678,776,01-11-2025,79.09,86
679,308,01-02-2025,36.82,180
680,159,01-11-2025,91.11,479
681,1158,01-08-2025,48.33,1196
682,1123,01-01-2025,69.99,1123
683,249,01-04-2025,80.67,1100
684,106,01-08-2025,58.07,1094
685,1066,01-05-2025,42.46,571
686,400,01-04-2025,79.58,620
687,500,01-05-2025,31.9,761
688,473,01-05-2025,43.85,256
689,494,01-03-2025,42.83,859
690,742,01-07-2025,8.49,1167
691,1036,01-04-2025,8.19,761
692,992,01-02-2025,57.89,939
693,858,01-09-2025,22.6,276
694,1102,01-12-2025,24.02,854
695,1198,01-08-2025,63.59,553
696,588,01-01-2025,33.11,261
697,167,01-10-2025,39.4,1054
698,304,01-01-2025,55.15,425
699,369,01-11-2025,83.38,51
700,342,01-09-2025,12.35,559
701,1136,01-01-2025,67.87,982
702,207,01-07-2025,12.88,89
703,884,01-10-2025,3.25,361
704,150,01-08-2025,13.44,1104
705,795,01-02-2025,86,745
706,262,01-02-2025,38.82,1160
707,495,01-12-2024,67.93,263
708,690,01-07-2025,85.36,709
709,221,01-07-2025,94.45,112
710,152,01-10-2025,70.44,746
711,920,01-06-2025,86.6,941
712,893,01-07-2025,28.19,997
713,276,01-01-2025,69.94,1063
714,172,01-05-2025,15.31,35
715,758,01-09-2025,64.35,948
716,777,01-09-2025,31.12,381
717,1042,01-05-2025,68.92,592
718,199,01-12-2024,22.83,1030
719,699,01-09-2025,5.54,1080
720,1076,01-04-2025,55.5,893
721,585,01-06-2025,31.34,672
722,366,01-12-2024,90.63,105
723,432,01-02-2025,41.47,589
724,1178,01-08-2025,83.68,663
725,204,01-12-2025,33.65,359
726,243,01-02-2025,28.06,1016
727,899,01-04-2025,22.02,366
728,591,01-05-2025,89.29,551
729,218,01-07-2025,87.9,590
730,289,01-03-2025,10.02,1150
731,1042,01-08-2025,71.96,76
732,82,01-04-2025,91.23,1125
733,1102,01-07-2025,76.11,33
734,1001,01-12-2024,79.26,72
735,757,01-04-2025,20.1,1189
736,874,01-12-2024,69.82,1086
737,259,01-11-2025,79.12,624
738,225,01-12-2024,68.33,265
739,911,01-12-2024,84.55,1030
740,539,01-09-2025,9.17,300
741,571,01-01-2025,69.77,258
742,725,01-01-2025,76.54,475
743,153,01-08-2025,31.75,1058
744,687,01-04-2025,26.95,1070
745,152,01-11-2025,67.44,664
746,79,01-10-2025,41.74,1087
747,651,01-02-2025,18.9,1163
748,73,01-04-2025,90.22,36
749,504,01-10-2025,13.87,790
750,451,01-03-2025,64.29,563
751,963,01-07-2025,15.23,403
752,1018,01-01-2025,27.56,426
753,182,01-03-2025,90.38,458
754,7,01-07-2025,41.83,1024
755,1143,01-06-2025,58.45,384
756,80,01-03-2025,40.31,558
757,779,01-10-2025,60.32,500
758,715,01-05-2025,46.52,388
759,615,01-03-2025,80.03,618
760,994,01-05-2025,47.08,823
761,732,01-11-2025,52.08,625
762,198,01-02-2025,21.58,608
763,860,01-11-2025,92.12,686
764,507,01-02-2025,63.27,257
765,361,01-08-2025,44.69,673
766,233,01-11-2025,33.67,835
767,263,01-12-2024,73.73,1010
768,1002,01-12-2024,57.5,500
769,60,01-03-2025,28.35,1059
770,441,01-04-2025,84.64,857
771,125,01-07-2025,53.85,681
772,536,01-06-2025,64.45,862
773,802,01-07-2025,77.05,890
774,817,01-06-2025,25.51,131
775,550,01-06-2025,46.64,468
776,696,01-04-2025,60.81,113
777,632,01-09-2025,43.08,473
778,1173,01-06-2025,83.31,1117
779,423,01-12-2025,74.28,245
780,676,01-08-2025,13.15,1125
781,41,01-10-2025,90.33,63
782,777,01-09-2025,9.48,702
783,723,01-01-2025,73.08,1152
784,130,01-09-2025,62.56,1082
785,432,01-07-2025,35.04,426
786,322,01-05-2025,79.79,830
787,470,01-07-2025,28.28,350
788,766,01-12-2024,32.16,461
789,1133,01-08-2025,69.93,47
790,74,01-01-2025,80.48,1098
791,210,01-03-2025,48.14,1013
792,87,01-05-2025,15.75,637
793,50,01-04-2025,22.62,526
794,70,01-12-2025,26.61,273
795,774,01-12-2024,62.6,288
796,553,01-04-2025,82.03,176
797,152,01-03-2025,48.42,870
798,42,01-11-2025,2.39,1129
799,311,01-02-2025,9.98,821
800,398,01-11-2025,79.16,659
801,663,01-12-2024,40.96,67
802,619,01-07-2025,26.76,435
803,205,01-12-2025,25.84,1200
804,966,01-08-2025,36.4,899
805,191,01-02-2025,21.89,852
806,1149,01-03-2025,27.18,602
807,1093,01-04-2025,48.62,803
808,36,01-10-2025,94.36,826
809,764,01-03-2025,72.69,241
810,927,01-10-2025,22.06,70
811,814,01-07-2025,73.49,935
812,758,01-10-2025,45.82,243
813,637,01-02-2025,32.25,191
814,196,01-05-2025,53.72,445
815,1004,01-07-2025,56.78,191
816,290,01-04-2025,38.9,989
817,1072,01-12-2024,68.97,1180
818,477,01-06-2025,6.54,1030
819,517,01-02-2025,39.71,711
820,309,01-11-2025,4.43,1177
821,833,01-04-2025,82.91,569
822,429,01-10-2025,71.97,1020
823,1118,01-02-2025,47.98,502
824,660,01-11-2025,44.37,1009
825,1054,01-08-2025,53.15,186
826,216,01-09-2025,41.02,178
827,770,01-01-2025,12.96,47
828,332,01-07-2025,49.87,268
829,341,01-10-2025,19.55,252
830,80,01-08-2025,84.24,1034
831,350,01-04-2025,59.86,1094
832,998,01-03-2025,14.15,1140
833,857,01-02-2025,38.54,627
834,241,01-03-2025,41.94,622
835,556,01-08-2025,50.11,781
836,1155,01-11-2025,62.12,309
837,595,01-02-2025,50.19,438
838,761,01-12-2024,49.82,534
839,967,01-03-2025,44.51,696
840,278,01-11-2025,16.44,990
841,21,01-01-2025,30.86,387
842,308,01-07-2025,45.23,31
843,639,01-01-2025,66.94,428
844,193,01-08-2025,51.55,697
845,194,01-04-2025,6.74,979
846,321,01-09-2025,7.28,1165
847,463,01-07-2025,33.43,48
848,395,01-12-2025,26.81,892
849,1197,01-10-2025,69.56,772
850,826,01-01-2025,88.82,1169
851,1109,01-02-2025,61.31,434
852,159,01-01-2025,56.71,230
853,444,01-10-2025,27.32,558
854,1155,01-12-2024,10.62,1089
855,785,01-12-2024,32.04,587
856,970,01-07-2025,20.67,25
857,475,01-10-2025,93.97,207
858,301,01-09-2025,14.47,993
859,1,01-08-2025,31.39,126
860,281,01-11-2025,49.1,920
861,872,01-03-2025,63.5,689
862,620,01-07-2025,48.04,260
863,494,01-03-2025,53.65,792
864,790,01-07-2025,67.39,747
865,639,01-01-2025,79.83,669
866,1087,01-10-2025,8.35,458
867,341,01-11-2025,89.88,588
868,293,01-08-2025,79.95,1167
869,905,01-12-2024,47.07,533
870,247,01-08-2025,53.44,911
871,714,01-12-2025,17.73,768
872,955,01-04-2025,73.45,728
873,869,01-06-2025,21.1,1166
874,392,01-03-2025,36.95,386
875,22,01-08-2025,19.41,759
876,1078,01-10-2025,19.32,655
877,673,01-01-2025,9.85,775
878,520,01-04-2025,48.26,46
879,560,01-07-2025,4.15,583
880,981,01-05-2025,38.44,538
881,562,01-03-2025,59.78,1191
882,63,01-11-2025,82.14,984
883,931,01-10-2025,47.09,989
884,1118,01-06-2025,76.9,98
885,757,01-10-2025,3.71,333
886,363,01-11-2025,82.87,289
887,170,01-02-2025,40.44,264
888,115,01-07-2025,42.68,147
889,644,01-08-2025,10.16,1134
890,569,01-10-2025,93.44,417
891,35,01-02-2025,32.27,668
892,347,01-02-2025,86.14,770
893,1058,01-06-2025,2.33,845
894,853,01-08-2025,79.75,145
895,134,01-11-2025,19.14,1047
896,303,01-04-2025,69.52,191
897,354,01-08-2025,42.68,584
898,407,01-02-2025,65.74,858
899,355,01-02-2025,60.72,26
900,638,01-09-2025,26.73,738
901,242,01-03-2025,33.1,1183
902,177,01-07-2025,54.22,968
903,181,01-11-2025,11.93,205
904,374,01-08-2025,69.58,400
905,651,01-10-2025,56.57,61
906,347,01-08-2025,75.14,465
907,768,01-05-2025,44.27,525
908,631,01-05-2025,79.71,411
909,272,01-12-2024,30.19,796
910,588,01-04-2025,17.73,307
911,1158,01-04-2025,30.66,482
912,386,01-06-2025,26.64,428
913,363,01-06-2025,93.05,551
914,901,01-05-2025,25.87,1023
915,728,01-09-2025,55.4,734
916,1072,01-07-2025,43.27,369
917,76,01-06-2025,90.27,809
918,319,01-03-2025,51.57,451
919,889,01-12-2025,33.61,611
920,425,01-08-2025,33.17,1051
921,1130,01-09-2025,79.01,570
922,186,01-10-2025,49.25,451
923,529,01-04-2025,21.52,554
924,65,01-11-2025,87.66,1078
925,382,01-08-2025,45.67,976
926,662,01-10-2025,35.99,793
927,70,01-03-2025,31.3,234
928,735,01-09-2025,82.72,36
929,326,01-12-2024,40.61,705
930,690,01-06-2025,61.9,225
931,384,01-12-2025,86.84,647
932,334,01-01-2025,44.88,401
933,45,01-12-2024,42.27,954
934,1180,01-12-2024,66.28,837
935,970,01-02-2025,79.41,537
936,765,01-05-2025,57.49,1008
937,822,01-11-2025,29.22,499
938,1039,01-12-2024,11.14,892
939,552,01-03-2025,90.67,840
940,59,01-07-2025,16.42,360
941,616,01-04-2025,84.34,1093
942,407,01-11-2025,90.44,1183
943,286,01-05-2025,13.21,702
944,111,01-06-2025,92.21,653
945,290,01-09-2025,76.34,959
946,811,01-01-2025,16.54,21
947,303,01-07-2025,19.84,372
948,618,01-11-2025,29.91,398
949,484,01-12-2024,81.63,914
950,185,01-12-2024,69.07,335
951,1138,01-08-2025,80.49,786
952,11,01-09-2025,45.87,725
953,205,01-05-2025,45.26,827
954,436,01-03-2025,86.81,790
955,950,01-09-2025,67.39,216
956,794,01-08-2025,13.08,293
957,819,01-08-2025,73.69,599
958,870,01-01-2025,57.11,1113
959,147,01-08-2025,33.61,75
960,455,01-05-2025,84.25,384
961,482,01-04-2025,35.7,716
962,1027,01-09-2025,78.38,835
963,159,01-08-2025,61.68,302
964,1024,01-09-2025,18.67,452
965,619,01-09-2025,41.93,715
966,787,01-07-2025,62.48,891
967,309,01-10-2025,27.79,812
968,985,01-08-2025,4.27,883
969,368,01-12-2024,16.37,1079
970,218,01-03-2025,44.7,189
971,710,01-05-2025,65.49,227
972,829,01-10-2025,76.53,45
973,330,01-04-2025,30.99,1196
974,1039,01-08-2025,37.1,951
975,24,01-04-2025,46.7,842
976,866,01-12-2025,73.51,640
977,871,01-08-2025,25.31,257
978,923,01-09-2025,48.19,989
979,687,01-08-2025,80.35,767
980,229,01-10-2025,74.84,888
981,1089,01-01-2025,72.4,183
982,308,01-01-2025,1.65,548
983,405,01-12-2024,49.4,951
984,891,01-11-2025,5.56,596
985,82,01-06-2025,12.43,1022
986,943,01-12-2024,35.51,776
987,517,01-08-2025,41.02,626
988,49,01-09-2025,52.02,386
989,601,01-03-2025,34.55,55
990,915,01-01-2025,31.52,92
991,229,01-11-2025,34.58,94
992,1089,01-10-2025,70.44,529
993,359,01-01-2025,8.9,213
994,259,01-05-2025,69.32,1030
995,883,01-10-2025,84.92,727
996,939,01-05-2025,65.77,519
997,1073,01-09-2025,54.49,103
998,157,01-01-2025,31.7,98
999,301,01-02-2025,58.28,227
1000,783,01-05-2025,49.19,181
1001,692,01-09-2025,88.18,638
1002,866,01-03-2025,38.67,396
1003,527,01-03-2025,68.83,182
1004,888,01-01-2025,91.73,412
1005,1170,01-04-2025,25.53,640
1006,1053,01-08-2025,51.68,519
1007,101,01-06-2025,36.18,988
1008,441,01-03-2025,72.51,914
1009,563,01-01-2025,71.21,400
1010,567,01-01-2025,48.15,113
1011,817,01-03-2025,86.52,603
1012,559,01-10-2025,1.47,444
1013,39,01-04-2025,74.51,285
1014,563,01-06-2025,26.1,671
1015,199,01-10-2025,21.8,57
1016,665,01-03-2025,21.78,609
1017,944,01-06-2025,56.26,693
1018,1109,01-05-2025,37.57,1162
1019,26,01-05-2025,33.24,674
1020,710,01-09-2025,78.33,330
1021,947,01-12-2024,81.31,1041
1022,432,01-11-2025,51.03,368
1023,799,01-02-2025,25.04,86
1024,1171,01-02-2025,91.97,1016
1025,1150,01-12-2024,93.59,190
1026,426,01-08-2025,71.31,1104
1027,757,01-06-2025,29.58,665
1028,925,01-02-2025,64.4,80
1029,320,01-02-2025,59.74,361
1030,721,01-06-2025,54.1,870
1031,48,01-05-2025,71.63,601
1032,1140,01-07-2025,70.94,500
1033,769,01-01-2025,87.59,289
1034,776,01-07-2025,58.07,272
1035,199,01-02-2025,38.2,452
1036,227,01-12-2025,54.65,385
1037,326,01-08-2025,73.09,841
1038,1127,01-06-2025,39.4,465
1039,857,01-05-2025,85.64,591
1040,655,01-08-2025,73.43,236
1041,651,01-11-2025,48.22,1110
1042,804,01-07-2025,22.16,847
1043,1014,01-08-2025,72.14,606
1044,921,01-08-2025,15.75,383
1045,820,01-07-2025,28.11,1110
1046,685,01-06-2025,72.72,372
1047,202,01-07-2025,37.04,876
1048,857,01-02-2025,39.57,79
1049,460,01-06-2025,14.03,1050
1050,165,01-12-2024,57.36,857
1051,47,01-11-2025,31.55,531
1052,341,01-02-2025,54.51,986
1053,187,01-10-2025,90.47,66
1054,798,01-02-2025,52.89,415
1055,331,01-06-2025,44.03,510
1056,359,01-09-2025,45.38,429
1057,661,01-09-2025,13.47,152
1058,64,01-11-2025,20.46,964
1059,941,01-12-2025,24.03,928
1060,496,01-09-2025,75.89,964
1061,1025,01-05-2025,61.29,698
1062,327,01-09-2025,24.02,163
1063,15,01-09-2025,71.37,852
1064,1065,01-08-2025,94.58,809
1065,145,01-06-2025,74.61,552
1066,1101,01-02-2025,12.37,1113
1067,49,01-01-2025,42.22,142
1068,600,01-07-2025,77.3,101
1069,745,01-01-2025,38.55,1067
1070,902,01-03-2025,41.29,274
1071,213,01-03-2025,14.72,557
1072,1188,01-01-2025,71.84,248
1073,347,01-10-2025,35.45,715
1074,291,01-07-2025,86.82,1008
1075,431,01-07-2025,25.86,695
1076,152,01-10-2025,44.07,1026
1077,502,01-09-2025,72.16,721
1078,605,01-12-2024,65.78,697
1079,923,01-07-2025,66.76,1183
1080,564,01-10-2025,56.88,306
1081,304,01-09-2025,50.05,73
1082,453,01-02-2025,83.74,1174
1083,743,01-10-2025,68.1,648
1084,325,01-04-2025,54.36,644
1085,974,01-10-2025,68.03,623
1086,317,01-02-2025,70.91,283
1087,301,01-07-2025,58.1,806
1088,527,01-04-2025,60.86,77
1089,434,01-03-2025,55.82,323
1090,1197,01-04-2025,2.13,765
1091,1042,01-03-2025,71.07,1078
1092,832,01-02-2025,45.84,368
1093,705,01-01-2025,61.52,1046
1094,644,01-08-2025,50.19,794
1095,994,01-03-2025,61.95,1095
1096,988,01-07-2025,17.49,797
1097,30,01-09-2025,63.86,152
1098,702,01-06-2025,22.13,442
1099,460,01-06-2025,15.11,264
1100,404,01-08-2025,34.51,960
1101,1167,01-06-2025,86.79,44
1102,1074,01-11-2025,85.42,434
1103,745,01-04-2025,63.44,836
1104,203,01-08-2025,90.49,1059
1105,138,01-01-2025,26.52,1115
1106,1102,01-08-2025,83.03,134
1107,915,01-06-2025,54.27,527
1108,502,01-01-2025,25.07,394
1109,502,01-01-2025,22.46,954
1110,364,01-01-2025,4.78,564
1111,1131,01-01-2025,27.08,409
1112,131,01-11-2025,86.18,291
1113,1071,01-04-2025,29.46,445
1114,467,01-09-2025,23.93,997
1115,951,01-04-2025,10.24,124
1116,654,01-12-2025,75.26,169
1117,403,01-07-2025,45.96,925
1118,171,01-07-2025,45.75,224
1119,1111,01-09-2025,56.4,1017
1120,615,01-04-2025,54.52,900
1121,229,01-02-2025,68.68,926
1122,399,01-10-2025,56.36,954
1123,2,01-06-2025,24.66,853
1124,555,01-08-2025,47.3,381
1125,674,01-07-2025,48.69,1073
1126,582,01-03-2025,90.43,633
1127,542,01-12-2024,82.52,529
1128,699,01-06-2025,26.88,1169
1129,1031,01-12-2025,30.03,921
1130,229,01-10-2025,92.86,393
1131,999,01-09-2025,1.61,1063
1132,964,01-01-2025,47.6,386
1133,135,01-10-2025,72.48,643
1134,194,01-08-2025,87.98,927
1135,702,01-02-2025,60.96,1123
1136,375,01-01-2025,19.2,242
1137,475,01-11-2025,21.04,1047
1138,626,01-02-2025,31.08,1106
1139,967,01-12-2024,10.67,634
1140,431,01-03-2025,54.67,336
1141,664,01-09-2025,15.7,831
1142,352,01-06-2025,81.12,341
1143,667,01-01-2025,90.93,990
1144,854,01-03-2025,74.3,571
1145,469,01-09-2025,88.69,986
1146,622,01-01-2025,35.85,647
1147,684,01-12-2025,69.31,665
1148,922,01-02-2025,29.95,1173
1149,806,01-08-2025,72.69,31
1150,828,01-11-2025,6.2,857
1151,725,01-04-2025,61.7,306
1152,936,01-10-2025,73.1,59
1153,415,01-03-2025,20.61,544
1154,604,01-12-2025,79.26,68
1155,660,01-04-2025,41.18,803
1156,668,01-01-2025,53.46,428
1157,441,01-12-2025,59.05,921
1158,562,01-08-2025,11.04,517
1159,329,01-05-2025,31.6,1002
1160,963,01-03-2025,90.49,114
1161,799,01-05-2025,65.65,1017
1162,512,01-01-2025,27.33,788
1163,122,01-11-2025,10.54,721
1164,566,01-05-2025,51.56,917
1165,583,01-06-2025,11.44,295
1166,152,01-10-2025,31.51,867
1167,311,01-07-2025,83.15,632
1168,1176,01-01-2025,19.8,200
1169,898,01-06-2025,24.05,1192
1170,1120,01-06-2025,72.7,553
1171,1141,01-08-2025,50.92,616
1172,45,01-11-2025,14.2,159
1173,643,01-08-2025,90.98,759
1174,914,01-10-2025,71.24,459
1175,378,01-01-2025,31.2,486
1176,944,01-07-2025,35.05,427
1177,531,01-12-2024,25,67
1178,288,01-12-2024,12.2,861
1179,876,01-09-2025,38.25,1016
1180,99,01-02-2025,79.18,143
1181,1050,01-11-2025,36.11,1178
1182,896,01-08-2025,94.59,1052
1183,670,01-03-2025,75.27,1027
1184,579,01-09-2025,55.03,157
1185,155,01-01-2025,54.14,1163
1186,231,01-11-2025,50.99,1071
1187,180,01-03-2025,54.95,979
1188,391,01-11-2025,71.68,902
1189,568,01-04-2025,44.78,331
1190,677,01-04-2025,7.86,1198
1191,696,01-10-2025,43.68,905
1192,44,01-10-2025,38.74,621
1193,14,01-04-2025,59.63,818
1194,39,01-08-2025,1.8,680
1195,875,01-10-2025,15.15,476
1196,1197,01-05-2025,64.41,688
1197,1091,01-06-2025,44.03,430
1198,1177,01-01-2025,87.98,332
1199,387,01-10-2025,73.66,442
1200,632,01-02-2025,18.07,73
1201,1093,01-03-2025,57.58,100
1202,261,01-03-2025,51.77,161
1203,671,01-03-2025,82.83,491
1204,428,01-07-2025,19.96,354
1205,869,01-09-2025,94.15,497
1206,445,01-12-2025,73.6,75
1207,282,01-02-2025,83.5,920
1208,253,01-07-2025,79.41,788
1209,53,01-09-2025,42.73,447
1210,780,01-01-2025,5.63,918
1211,818,01-07-2025,19.67,799
1212,256,01-12-2024,9.73,378
1213,1038,01-12-2025,86.85,1077
1214,250,01-06-2025,16.31,449
1215,247,01-01-2025,89.43,753
1216,649,01-11-2025,40.02,450
1217,186,01-07-2025,76.18,756
1218,979,01-01-2025,25,249
1219,936,01-12-2024,2.52,798
1220,861,01-02-2025,38.63,224
1221,727,01-04-2025,34.88,654
1222,134,01-01-2025,41.81,635
1223,470,01-03-2025,94.97,192
1224,799,01-07-2025,83.34,52
1225,563,01-01-2025,69.59,682
1226,93,01-10-2025,14.23,529
1227,364,01-06-2025,54.07,282
1228,1063,01-03-2025,15.64,982
1229,80,01-09-2025,6.75,449
1230,601,01-07-2025,35.94,869
1231,323,01-12-2025,40.41,377
1232,1063,01-05-2025,91.74,391
1233,748,01-03-2025,83.63,244
1234,333,01-03-2025,3.82,437
1235,627,01-07-2025,38.94,784
1236,544,01-08-2025,59.46,78
1237,53,01-08-2025,32.17,983
1238,71,01-09-2025,70.09,315
1239,835,01-02-2025,5.37,792
1240,1076,01-05-2025,16.96,225
1241,31,01-07-2025,33.77,476
1242,189,01-09-2025,40.47,155
1243,231,01-10-2025,92.06,971
1244,851,01-10-2025,81.48,1119
1245,902,01-05-2025,13.63,21
1246,638,01-01-2025,45.77,546
1247,263,01-05-2025,31.35,1125
1248,749,01-03-2025,90.95,217
1249,979,01-03-2025,47.32,1189
1250,402,01-08-2025,12.83,1074
1251,266,01-07-2025,76.71,312
1252,462,01-09-2025,62.97,214
1253,828,01-02-2025,27.54,235
1254,512,01-10-2025,22.26,398
1255,617,01-03-2025,31.89,966
1256,1065,01-11-2025,49.59,566
1257,270,01-02-2025,31.83,787
1258,298,01-01-2025,55.46,90
1259,789,01-03-2025,60.4,425
1260,374,01-08-2025,2.35,89
1261,488,01-01-2025,16.22,680
1262,24,01-03-2025,54.78,1010
1263,705,01-03-2025,18.65,850
1264,926,01-05-2025,94.31,948
1265,539,01-03-2025,52.31,261
1266,573,01-10-2025,62.61,1073
1267,691,01-05-2025,32.7,401
1268,523,01-10-2025,33.05,1018
1269,1125,01-05-2025,43.89,217
1270,702,01-07-2025,72.75,558
1271,130,01-10-2025,74.5,893
1272,53,01-07-2025,91.69,278
1273,194,01-06-2025,22.35,956
1274,228,01-03-2025,12.31,625
1275,259,01-09-2025,83.09,648
1276,927,01-09-2025,42,189
1277,1034,01-11-2025,18.17,1066
1278,400,01-07-2025,14.32,474
1279,35,01-07-2025,19.68,744
1280,1077,01-04-2025,57.49,330
1281,1153,01-02-2025,81.83,1095
1282,97,01-04-2025,76.22,762
1283,1105,01-11-2025,22.66,1107
1284,342,01-12-2024,36.2,225
1285,340,01-06-2025,60.68,483
1286,312,01-12-2024,51.84,888
1287,415,01-02-2025,27.17,840
1288,608,01-02-2025,37.64,1088
1289,863,01-07-2025,85.01,978
1290,660,01-04-2025,13.8,634
1291,1,01-01-2025,8.04,1158
1292,639,01-01-2025,20.62,156
1293,122,01-02-2025,71.99,307
1294,295,01-12-2024,46.21,348
1295,497,01-10-2025,37.78,346
1296,859,01-11-2025,37.75,416
1297,510,01-06-2025,79.43,164
1298,464,01-06-2025,91.56,585
1299,288,01-04-2025,84.91,272
1300,1200,01-12-2025,89.77,330
1301,422,01-06-2025,42.68,584
1302,671,01-11-2025,2.01,260
1303,1067,01-10-2025,30.25,230
1304,965,01-08-2025,22.83,917
1305,612,01-12-2024,78.29,1128
1306,931,01-08-2025,15.45,719
1307,558,01-09-2025,90.25,103
1308,782,01-08-2025,79.77,543
1309,232,01-11-2025,59.93,892
1310,1199,01-11-2025,16.83,1017
1311,597,01-09-2025,22.12,231
1312,182,01-03-2025,94.77,762
1313,495,01-01-2025,82.72,1032
1314,886,01-11-2025,40.64,235
1315,574,01-07-2025,80.18,584
1316,516,01-07-2025,61.18,693
1317,860,01-11-2025,63.7,534
1318,731,01-11-2025,8.81,227
1319,995,01-07-2025,23.82,1033
1320,454,01-03-2025,56.56,564
1321,213,01-07-2025,94.75,1019
1322,1149,01-03-2025,58.02,1178
1323,770,01-10-2025,58.02,803
1324,87,01-11-2025,57.56,221
1325,1179,01-04-2025,9.92,508
1326,739,01-04-2025,55.53,883
1327,807,01-09-2025,68.52,101
1328,712,01-09-2025,61.83,921
1329,944,01-09-2025,54.89,1090
1330,77,01-10-2025,89.38,904
1331,53,01-07-2025,21.31,390
1332,50,01-11-2025,60.27,693
1333,203,01-04-2025,28.47,864
1334,59,01-05-2025,69.53,539
1335,735,01-10-2025,77.93,724
1336,722,01-09-2025,92.52,529
1337,567,01-03-2025,42.92,117
1338,665,01-06-2025,44.07,558
1339,329,01-11-2025,20.68,1140
1340,660,01-02-2025,70.63,733
1341,353,01-01-2025,80.4,202
1342,684,01-03-2025,34.07,1122
1343,467,01-04-2025,30.75,646
1344,208,01-08-2025,86.93,205
1345,832,01-06-2025,30.41,1038
1346,382,01-02-2025,72.12,434
1347,543,01-01-2025,81.46,1014
1348,719,01-07-2025,32.68,916
1349,741,01-02-2025,71.95,365
1350,662,01-11-2025,2.5,408
1351,1192,01-05-2025,30.19,1056
1352,1148,01-03-2025,28.84,1166
1353,1103,01-08-2025,17.72,175
1354,407,01-11-2025,9.78,848
1355,540,01-04-2025,14.7,716
1356,1092,01-10-2025,34.26,292
1357,789,01-11-2025,10.74,621
1358,1168,01-11-2025,92.25,683
1359,461,01-01-2025,42.6,103
1360,504,01-08-2025,52.51,580
1361,54,01-06-2025,47.48,468
1362,503,01-03-2025,83.26,921
1363,443,01-11-2025,14.67,627
1364,500,01-04-2025,91.67,1009
1365,899,01-05-2025,39.97,1148
1366,1164,01-04-2025,19.07,401
1367,1063,01-04-2025,55.6,1198
1368,793,01-11-2025,71.2,765
1369,540,01-03-2025,41.54,766
1370,481,01-03-2025,31.09,751
1371,158,01-01-2025,91.06,295
1372,659,01-03-2025,81.83,525
1373,1103,01-01-2025,55.42,217
1374,1040,01-08-2025,67.59,1116
1375,643,01-08-2025,10.85,486
1376,714,01-09-2025,68.45,1154
1377,459,01-08-2025,44.74,1196
1378,109,01-08-2025,44.26,916
1379,1019,01-09-2025,56.56,152
1380,351,01-01-2025,3.08,938
1381,1145,01-08-2025,62.13,731
1382,977,01-02-2025,82.55,322
1383,131,01-03-2025,65.11,153
1384,566,01-05-2025,54.56,76
1385,1006,01-05-2025,41.5,293
1386,812,01-08-2025,21.23,945
1387,635,01-04-2025,51.61,643
1388,677,01-10-2025,22.86,1060
1389,834,01-02-2025,14.56,1125
1390,645,01-12-2024,82.1,128
1391,734,01-06-2025,56.22,165
1392,131,01-07-2025,50.8,350
1393,399,01-06-2025,24.39,387
1394,372,01-12-2024,3.77,1033
1395,245,01-05-2025,32.19,212
1396,827,01-06-2025,54.96,813
1397,835,01-08-2025,36.84,991
1398,284,01-08-2025,80.64,394
1399,197,01-01-2025,30.25,383
1400,882,01-04-2025,83.63,1043
1401,186,01-01-2025,18.35,842
1402,411,01-10-2025,22.3,187
1403,696,01-03-2025,43.46,212
1404,1073,01-05-2025,25.23,144
1405,1141,01-11-2025,6.56,784
1406,196,01-05-2025,16.84,1103
1407,26,01-09-2025,1.44,807
1408,628,01-12-2024,3.6,1183
1409,1154,01-10-2025,36.23,162
1410,354,01-04-2025,18.72,1040
1411,373,01-04-2025,51.31,727
1412,199,01-02-2025,82.98,336
1413,767,01-08-2025,54.95,922
1414,364,01-03-2025,48.69,931
1415,63,01-11-2025,59.48,1120
1416,247,01-10-2025,76.88,658
1417,597,01-09-2025,11.13,389
1418,1062,01-01-2025,16.73,224
1419,1020,01-02-2025,19.16,337
1420,691,01-07-2025,89.15,1142
1421,797,01-07-2025,74.7,258
1422,1136,01-02-2025,7.15,524
1423,749,01-12-2024,14.29,1025
1424,386,01-06-2025,75.64,105
1425,734,01-01-2025,6.51,1003
1426,203,01-01-2025,80.69,206
1427,657,01-05-2025,86.72,1173
1428,1178,01-04-2025,67.01,1088
1429,808,01-05-2025,72.15,431
1430,579,01-12-2025,31.11,937
1431,406,01-09-2025,28.54,893
1432,828,01-12-2024,41.9,188
1433,1005,01-01-2025,3.24,233
1434,659,01-01-2025,53.76,816
1435,627,01-04-2025,47.78,608
1436,113,01-03-2025,50.59,105
1437,386,01-10-2025,90,648
1438,1170,01-12-2024,52.02,662
1439,99,01-04-2025,51.22,116
1440,621,01-10-2025,37.18,740
1441,1102,01-01-2025,5.93,908
1442,1042,01-09-2025,50.25,385
1443,1042,01-01-2025,35.86,111
1444,440,01-02-2025,10.27,400
1445,454,01-02-2025,67.97,169
1446,417,01-07-2025,47.56,1189
1447,32,01-02-2025,5.25,801
1448,422,01-05-2025,85.63,258
1449,595,01-07-2025,1.45,512
1450,678,01-01-2025,93.53,818
1451,468,01-03-2025,35.95,843
1452,92,01-10-2025,15.66,524
1453,529,01-12-2025,83.9,885
1454,1169,01-09-2025,67.76,654
1455,420,01-04-2025,89.39,578
1456,839,01-03-2025,65.89,871
1457,848,01-06-2025,36.45,408
1458,1000,01-07-2025,24.82,41
1459,810,01-11-2025,4.93,939
1460,264,01-02-2025,63.32,476
1461,145,01-03-2025,60.93,256
1462,326,01-08-2025,85.81,1020
1463,137,01-12-2024,18.24,690
1464,343,01-08-2025,89.69,545
1465,816,01-01-2025,27.77,606
1466,584,01-12-2025,81.42,555
1467,223,01-09-2025,72.53,828
1468,414,01-12-2024,90.32,1156
1469,1020,01-06-2025,19.87,1081
1470,74,01-02-2025,45.08,243
1471,229,01-03-2025,22.49,814
1472,378,01-07-2025,8.86,158
1473,496,01-04-2025,41.98,779
1474,898,01-12-2024,70.4,925
1475,85,01-12-2025,63.31,1051
1476,388,01-08-2025,73.24,671
1477,90,01-06-2025,54.47,332
1478,700,01-04-2025,81.79,533
1479,360,01-09-2025,33.91,430
1480,116,01-03-2025,37.78,333
1481,598,01-02-2025,48.53,481
1482,377,01-06-2025,59.96,707
1483,899,01-01-2025,3.38,922
1484,143,01-07-2025,80.28,1102
1485,590,01-12-2024,53.34,313
1486,1121,01-10-2025,91.63,136
1487,229,01-03-2025,65.37,859
1488,1061,01-08-2025,51.22,367
1489,659,01-05-2025,35.81,313
1490,213,01-06-2025,65.33,32
1491,781,01-07-2025,1.32,139
1492,794,01-11-2025,73.26,265
1493,460,01-02-2025,72.64,92
1494,1155,01-07-2025,52.28,60
1495,976,01-11-2025,89.1,810
1496,579,01-11-2025,65.45,812
1497,921,01-07-2025,86.56,506
1498,1005,01-01-2025,58.59,726
1499,932,01-01-2025,46.04,333
1500,931,01-07-2025,51.43,757
1501,459,01-01-2025,14.57,377
1502,796,01-10-2025,94.92,348
1503,754,01-02-2025,70.56,904
1504,615,01-09-2025,14.53,961
1505,841,01-11-2025,67.8,1128
1506,465,01-06-2025,93.82,276
1507,723,01-10-2025,20.56,851
1508,863,01-08-2025,84.06,963
1509,927,01-11-2025,42.73,815
1510,950,01-06-2025,35.17,687
1511,817,01-04-2025,13.51,1105
1512,422,01-11-2025,24.12,411
1513,1165,01-06-2025,19.29,764
1514,949,01-03-2025,52.53,856
1515,768,01-07-2025,61.54,457
1516,805,01-06-2025,14.29,242
1517,1112,01-11-2025,62.31,635
1518,845,01-08-2025,5.78,464
1519,692,01-11-2025,52.86,340
1520,788,01-10-2025,89.09,904
1521,370,01-12-2024,89.66,68
1522,423,01-10-2025,37.28,372
1523,560,01-11-2025,93.46,1173
1524,320,01-09-2025,61.28,1197
1525,406,01-02-2025,15.16,668
1526,960,01-10-2025,24.1,287
1527,997,01-06-2025,30.72,1106
1528,73,01-05-2025,64.56,153
1529,176,01-11-2025,3.02,128
1530,679,01-04-2025,81.14,661
1531,731,01-10-2025,20.08,328
1532,437,01-08-2025,29.91,155
1533,744,01-01-2025,59.58,666
1534,1195,01-01-2025,86.02,934
1535,973,01-07-2025,32.83,378
1536,594,01-07-2025,29.5,1170
1537,328,01-08-2025,85.68,331
1538,335,01-11-2025,40.03,1110
1539,840,01-03-2025,15.88,1151
1540,962,01-03-2025,66.79,595
1541,511,01-07-2025,92.76,320
1542,912,01-02-2025,10.12,100
1543,278,01-10-2025,83.74,988
1544,777,01-08-2025,45.83,60
1545,743,01-12-2024,88.51,1191
1546,373,01-05-2025,43.05,60
1547,1008,01-02-2025,89.98,1180
1548,705,01-08-2025,84.25,194
1549,758,01-06-2025,7.48,296
1550,615,01-06-2025,64.67,326
1551,228,01-10-2025,94.33,423
1552,657,01-09-2025,28.48,190
1553,727,01-02-2025,57.66,1033
1554,33,01-11-2025,59.46,875
1555,347,01-10-2025,35.33,537
1556,394,01-09-2025,49.26,1085
1557,49,01-07-2025,47.02,361
1558,107,01-12-2025,62.04,647
1559,539,01-08-2025,43.2,906
1560,692,01-01-2025,4.8,958
1561,165,01-06-2025,32.29,84
1562,268,01-12-2025,82.97,41
1563,1175,01-11-2025,2.81,799
1564,409,01-11-2025,86.03,798
1565,796,01-09-2025,4.38,573
1566,769,01-12-2024,32.55,1069
1567,870,01-06-2025,39.28,720
1568,272,01-11-2025,89.63,555
1569,1132,01-07-2025,19.13,596
1570,547,01-05-2025,8.83,941
1571,174,01-07-2025,76.71,672
1572,1043,01-08-2025,85.21,67
1573,264,01-03-2025,76.79,239
1574,498,01-02-2025,7.99,784
1575,134,01-09-2025,15.48,505
1576,179,01-05-2025,82.19,39
1577,28,01-02-2025,70.23,718
1578,145,01-05-2025,15.69,963
1579,678,01-04-2025,74.9,236
1580,250,01-02-2025,6.28,304
1581,409,01-07-2025,87.29,186
1582,381,01-04-2025,9.62,207
1583,8,01-07-2025,41.7,497
1584,431,01-01-2025,5.7,182
1585,793,01-04-2025,31.12,1104
1586,395,01-12-2025,45.75,424
1587,1015,01-10-2025,57.91,401
1588,961,01-07-2025,28.08,145
1589,907,01-09-2025,18.38,32
1590,163,01-10-2025,17.53,424
1591,540,01-06-2025,14.53,1130
1592,1179,01-06-2025,92.44,273
1593,156,01-04-2025,18.69,678
1594,467,01-11-2025,16.27,627
1595,845,01-03-2025,48.63,604
1596,447,01-08-2025,41.09,726
1597,494,01-09-2025,50.87,535
1598,577,01-05-2025,71.9,152
1599,127,01-09-2025,6.9,724
1600,124,01-11-2025,59.27,900
1601,164,01-12-2024,64.36,933
1602,25,01-08-2025,92.85,200
1603,653,01-03-2025,56.29,760
1604,135,01-07-2025,54.5,673
1605,924,01-09-2025,34.66,1003
1606,759,01-12-2024,47.97,1021
1607,642,01-02-2025,52.32,409
1608,468,01-12-2025,56.2,107
1609,723,01-02-2025,39.51,965
1610,665,01-07-2025,87.8,845
1611,950,01-09-2025,82.66,971
1612,927,01-09-2025,15.35,809
1613,860,01-11-2025,90.27,305
1614,649,01-05-2025,36.86,325
1615,819,01-12-2024,35.38,909
1616,354,01-06-2025,15.2,396
1617,445,01-02-2025,9.92,821
1618,968,01-07-2025,15.09,710
1619,406,01-11-2025,3.04,823
1620,325,01-06-2025,29.53,1145
1621,569,01-01-2025,22.41,1016
1622,1023,01-09-2025,41.69,347
1623,999,01-04-2025,92.1,142
1624,724,01-09-2025,91.38,157
1625,663,01-08-2025,67.37,612
1626,290,01-05-2025,23.1,1032
1627,444,01-03-2025,40.14,46
1628,631,01-12-2024,60.36,713
1629,637,01-09-2025,65.3,898
1630,250,01-02-2025,57.32,1104
1631,578,01-06-2025,33.06,784
1632,263,01-04-2025,35.74,989
1633,130,01-06-2025,2.66,777
1634,855,01-10-2025,24.13,688
1635,479,01-01-2025,86.55,660
1636,976,01-09-2025,74.96,1156
1637,698,01-11-2025,55.26,698
1638,399,01-01-2025,85.77,679
1639,1173,01-02-2025,92.29,488
1640,486,01-11-2025,77.45,530
1641,1001,01-01-2025,53.95,59
1642,642,01-05-2025,49.03,215
1643,787,01-07-2025,71.52,678
1644,167,01-04-2025,50.75,967
1645,545,01-08-2025,7.29,817
1646,396,01-10-2025,75.38,585
1647,294,01-01-2025,35.2,140
1648,971,01-05-2025,24.18,26
1649,671,01-08-2025,34.48,1008
1650,1151,01-05-2025,14.74,578
1651,656,01-10-2025,46.56,663
1652,1099,01-02-2025,19.81,405
1653,247,01-08-2025,28.79,144
1654,400,01-11-2025,50.21,1052
1655,579,01-12-2024,24.33,790
1656,867,01-10-2025,66.86,42
1657,611,01-01-2025,25.53,315
1658,607,01-12-2024,3.38,883
1659,162,01-08-2025,35.65,322
1660,915,01-05-2025,59.83,1157
1661,322,01-11-2025,56.82,663
1662,221,01-01-2025,89.07,953
1663,566,01-07-2025,19.59,948
1664,584,01-02-2025,16.31,283
1665,662,01-02-2025,90.87,273
1666,108,01-10-2025,82.57,1151
1667,978,01-07-2025,35.67,665
1668,769,01-08-2025,52.71,909
1669,664,01-11-2025,38.18,688
1670,71,01-09-2025,61.5,683
1671,1159,01-01-2025,72.11,100
1672,1048,01-05-2025,6.25,290
1673,1018,01-04-2025,7,159
1674,287,01-11-2025,15.25,1090
1675,335,01-03-2025,89.37,501
1676,189,01-05-2025,71.94,751
1677,693,01-02-2025,8.63,723
1678,143,01-03-2025,47.29,1136
1679,128,01-11-2025,50.32,830
1680,318,01-01-2025,52.52,203
1681,425,01-11-2025,43.16,256
1682,535,01-01-2025,22.38,135
1683,1143,01-05-2025,3.28,481
1684,981,01-12-2024,4.99,468
1685,477,01-01-2025,90.3,301
1686,1026,01-01-2025,31.03,813
1687,811,01-07-2025,2.81,613
1688,1009,01-08-2025,3.21,869
1689,1127,01-05-2025,7.39,429
1690,74,01-06-2025,20.63,1026
1691,15,01-06-2025,33.84,185
1692,1192,01-06-2025,83.87,1062
1693,337,01-05-2025,38.34,331
1694,1099,01-02-2025,1.69,596
1695,545,01-05-2025,53.29,1066
1696,796,01-03-2025,16.03,432
1697,525,01-04-2025,32.44,689
1698,534,01-05-2025,37.91,604
1699,925,01-03-2025,3.71,1068
1700,831,01-06-2025,20.23,250
1701,86,01-09-2025,37.42,238
1702,422,01-01-2025,19.81,1187
1703,612,01-07-2025,79.3,458
1704,622,01-11-2025,34.93,131
1705,471,01-11-2025,54.28,536
1706,445,01-01-2025,49.04,654
1707,26,01-04-2025,21.34,390
1708,684,01-07-2025,20.4,815
1709,671,01-04-2025,44.04,820
1710,339,01-04-2025,87.56,1003
1711,1149,01-02-2025,57.09,528
1712,160,01-10-2025,58.94,20
1713,64,01-04-2025,59.21,42
1714,562,01-10-2025,88.43,641
1715,912,01-02-2025,36.85,1183
1716,327,01-01-2025,10.14,773
1717,441,01-02-2025,61.7,886
1718,764,01-08-2025,8.15,875
1719,46,01-10-2025,28.96,91
1720,246,01-08-2025,29.39,558
1721,936,01-07-2025,88.43,439
1722,247,01-07-2025,87.42,82
1723,976,01-01-2025,17.41,250
1724,177,01-07-2025,69.13,952
1725,1188,01-05-2025,66.32,579
1726,554,01-01-2025,3.12,1173
1727,983,01-03-2025,6.95,333
1728,442,01-02-2025,7.12,792
1729,62,01-09-2025,4.49,905
1730,954,01-12-2024,39.77,47
1731,1182,01-06-2025,85.36,149
1732,576,01-04-2025,67.73,1001
1733,416,01-08-2025,76.38,69
1734,557,01-08-2025,91.54,405
1735,481,01-03-2025,65.83,23
1736,91,01-11-2025,83.11,911
1737,1145,01-08-2025,90.5,1020
1738,475,01-08-2025,68.26,116
1739,587,01-11-2025,35.22,772
1740,935,01-03-2025,78.15,1135
1741,336,01-11-2025,36.09,780
1742,1129,01-11-2025,51.83,676
1743,711,01-03-2025,39.26,842
1744,763,01-12-2024,44.94,731
1745,599,01-07-2025,14.88,1032
1746,1111,01-04-2025,39.34,904
1747,178,01-06-2025,57.6,301
1748,682,01-06-2025,87.92,975
1749,924,01-08-2025,71.85,356
1750,88,01-02-2025,33.28,317
1751,700,01-02-2025,51.78,346
1752,1175,01-09-2025,14.12,441
1753,812,01-03-2025,8.68,878
1754,230,01-05-2025,94.11,1134
1755,86,01-02-2025,49.84,1198
1756,9,01-12-2024,24.94,1147
1757,338,01-09-2025,70.53,705
1758,1002,01-03-2025,11.99,784
1759,1124,01-09-2025,89.07,1091
1760,805,01-06-2025,21.59,739
1761,836,01-09-2025,65.65,237
1762,463,01-07-2025,61.2,949
1763,319,01-03-2025,79.43,405
1764,2,01-04-2025,84.96,1053
1765,221,01-07-2025,47.55,167
1766,628,01-02-2025,23.73,851
1767,621,01-11-2025,78.57,1129
1768,198,01-03-2025,90.45,411
1769,49,01-12-2024,2.52,625
1770,248,01-06-2025,20.47,166
1771,138,01-11-2025,24.82,263
1772,865,01-04-2025,89.82,845
1773,22,01-06-2025,66.59,634
1774,703,01-04-2025,37.45,446
1775,623,01-03-2025,41.28,999
1776,86,01-12-2024,64.84,84
1777,1024,01-01-2025,31.05,83
1778,524,01-04-2025,66.86,805
1779,1104,01-09-2025,73.36,885
1780,719,01-09-2025,90.22,1024
1781,56,01-05-2025,36.72,1018
1782,178,01-03-2025,45.64,1133
1783,189,01-07-2025,8.8,212
1784,932,01-07-2025,36.71,710
1785,495,01-08-2025,57.74,981
1786,71,01-10-2025,31.35,1151
1787,925,01-10-2025,21.36,860
1788,195,01-04-2025,1.97,282
1789,58,01-05-2025,88.94,930
1790,142,01-03-2025,48.19,968
1791,563,01-07-2025,66.53,814
1792,1098,01-07-2025,62.45,119
1793,519,01-01-2025,56.05,1078
1794,1006,01-11-2025,17.35,945
1795,601,01-07-2025,81.23,101
1796,595,01-10-2025,57.51,893
1797,225,01-01-2025,65.56,177
1798,408,01-10-2025,46.32,530
1799,12,01-03-2025,37.41,381
1800,772,01-09-2025,5.12,394
