order_id,customer_id,product_id,order_date,quantity
1,850,106,02-05-2025,3
2,548,101,16-02-2024,2
3,612,108,04-09-2024,1
4,915,108,15-11-2025,2
5,681,107,11-06-2025,2
6,660,104,20-04-2025,3
7,490,107,22-09-2024,1
8,842,101,29-08-2025,2
9,969,107,12-03-2024,2
10,312,108,24-10-2025,1
11,259,106,28-11-2025,1
12,902,102,07-03-2025,3
13,936,101,05-02-2024,3
14,296,107,15-11-2025,3
15,317,102,21-09-2024,2
16,543,106,04-08-2024,3
17,815,102,23-03-2024,2
18,1093,107,17-05-2024,2
19,1000,101,23-07-2025,3
20,141,104,05-10-2024,3
21,589,104,27-07-2025,3
22,186,107,12-11-2025,1
23,206,108,18-10-2024,1
24,614,101,01-11-2024,1
25,665,101,02-08-2024,2
26,735,106,01-02-2024,2
27,299,104,22-07-2024,3
28,844,103,05-02-2025,1
29,359,102,02-06-2025,3
30,784,104,09-08-2024,2
31,1195,103,31-05-2025,1
32,945,105,09-06-2025,2
33,523,101,04-11-2025,2
34,590,103,11-10-2024,1
35,905,106,28-02-2025,3
36,613,107,16-12-2024,3
37,513,108,24-08-2024,2
38,408,107,27-05-2025,2
39,219,104,13-03-2024,2
40,1172,106,08-12-2024,3
41,606,105,02-07-2024,1
42,811,105,11-08-2024,1
43,1160,101,12-01-2025,3
44,1018,105,04-12-2024,1
45,722,104,15-03-2024,3
46,390,105,04-07-2025,3
47,281,102,10-07-2025,3
48,81,105,06-06-2024,2
49,69,106,06-01-2024,3
50,270,102,09-12-2025,2
51,670,107,12-11-2024,1
52,412,103,20-06-2025,3
53,750,105,11-09-2025,1
54,527,108,23-04-2025,2
55,694,102,01-11-2024,2
56,155,103,22-03-2025,1
57,814,106,14-07-2025,1
58,809,101,17-06-2025,2
59,1099,102,09-02-2025,2
60,755,105,25-07-2025,3
61,781,106,06-03-2025,1
62,479,108,18-09-2025,1
63,1150,106,27-12-2024,3
64,454,102,21-10-2025,3
65,951,105,11-10-2024,3
66,837,102,27-01-2024,1
67,93,101,05-02-2025,2
68,1009,102,21-10-2025,1
69,481,103,07-11-2025,2
70,930,106,21-05-2025,3
71,1107,107,17-09-2025,3
72,317,107,11-02-2025,3
73,203,108,25-06-2025,3
74,836,105,15-11-2025,1
75,759,104,23-01-2025,2
76,911,104,31-07-2024,2
77,204,106,06-01-2024,3
78,735,101,07-12-2025,2
79,566,104,22-07-2024,1
80,932,102,29-06-2024,3
81,435,101,15-01-2025,1
82,684,104,20-11-2025,1
83,1157,104,04-11-2024,1
84,1136,104,26-01-2024,3
85,443,104,28-11-2024,2
86,303,101,26-11-2025,2
87,297,103,15-08-2025,3
88,514,103,01-11-2024,1
89,53,103,23-04-2025,1
90,734,104,07-11-2024,3
91,664,101,01-06-2025,1
92,544,101,16-09-2024,1
93,863,102,07-07-2024,3
94,131,108,17-10-2025,2
95,742,102,20-03-2024,2
96,1032,104,24-09-2024,3
97,89,105,24-04-2025,2
98,64,101,31-05-2025,2
99,823,107,11-05-2024,3
100,222,108,27-07-2025,3
101,909,102,27-03-2025,1
102,660,103,30-11-2024,1
103,259,105,02-04-2025,3
104,1199,106,22-12-2023,2
105,1087,105,12-04-2025,2
106,1036,107,28-11-2025,1
107,235,104,11-06-2024,2
108,925,104,07-03-2025,2
109,695,108,16-02-2024,2
110,852,102,15-05-2024,2
111,875,106,29-08-2024,3
112,523,106,26-07-2024,1
113,972,102,18-04-2024,1
114,175,102,06-06-2025,2
115,198,106,15-02-2025,1
116,1140,101,11-11-2024,3
117,1151,106,25-03-2024,3
118,251,107,28-07-2024,2
119,867,101,05-12-2024,2
120,640,106,17-03-2024,1
121,1184,104,19-02-2025,1
122,988,104,29-05-2025,1
123,718,106,26-06-2024,1
124,571,104,05-11-2025,2
125,1149,101,19-07-2025,3
126,548,101,04-05-2024,1
127,560,105,29-12-2024,2
128,719,101,14-05-2024,1
129,294,107,24-02-2024,1
130,291,101,01-08-2025,1
131,1087,104,27-01-2025,2
132,860,108,04-02-2024,2
133,323,106,01-11-2024,2
134,665,102,07-05-2024,1
135,319,103,05-09-2025,3
136,102,102,08-09-2025,2
137,908,107,26-11-2024,2
138,906,107,19-10-2024,2
139,442,102,09-05-2025,2
140,881,102,15-02-2024,2
141,997,105,25-06-2025,1
142,452,107,26-09-2025,3
143,113,101,26-12-2024,1
144,618,104,21-07-2024,1
145,524,105,29-05-2024,2
146,246,101,15-09-2025,2
147,882,103,19-08-2024,1
148,779,104,08-09-2025,3
149,1145,106,18-02-2024,1
150,814,101,01-09-2025,2
151,39,108,25-04-2025,1
152,642,107,16-06-2025,3
153,829,107,30-07-2025,2
154,236,107,16-12-2023,1
155,666,103,09-07-2024,3
156,943,106,25-03-2024,1
157,895,102,08-02-2024,1
158,893,107,15-04-2024,3
159,162,107,24-10-2024,2
160,696,104,31-01-2025,2
161,345,102,15-11-2024,3
162,234,104,13-02-2024,2
163,720,103,13-07-2025,1
164,211,103,02-02-2024,2
165,405,103,26-12-2024,3
166,314,102,10-06-2024,1
167,1012,108,07-04-2024,3
168,1187,108,16-05-2024,3
169,1157,106,05-05-2024,3
170,648,103,22-11-2024,2
171,140,108,01-11-2025,2
172,621,105,16-08-2025,3
173,116,106,27-11-2024,3
174,152,105,16-08-2025,2
175,926,101,19-05-2024,1
176,756,105,14-12-2023,1
177,185,107,26-02-2025,2
178,1189,101,27-05-2024,2
179,1171,104,30-04-2025,2
180,975,103,13-01-2024,1
181,923,102,24-12-2023,2
182,173,103,08-05-2025,1
183,508,108,17-01-2025,2
184,1074,103,04-09-2025,2
185,764,105,22-08-2025,2
186,838,106,20-02-2025,3
187,108,106,02-08-2024,1
188,676,102,06-02-2024,3
189,792,105,30-11-2024,2
190,308,106,01-11-2024,1
191,1194,103,10-05-2024,2
192,636,107,18-11-2024,1
193,174,105,06-02-2025,3
194,772,106,26-04-2024,1
195,1079,102,20-06-2024,3
196,868,106,08-08-2024,1
197,743,105,18-02-2024,1
198,439,106,22-01-2024,2
199,394,104,20-10-2024,1
200,318,102,09-05-2025,2
201,208,101,17-02-2024,3
202,690,103,07-08-2025,3
203,772,103,11-03-2024,1
204,371,103,23-09-2025,3
205,897,101,19-08-2024,2
206,747,104,04-12-2024,2
207,584,108,31-07-2025,1
208,1094,104,14-02-2024,2
209,961,104,30-07-2025,2
210,1169,108,16-02-2024,2
211,578,107,14-01-2025,3
212,1081,107,22-03-2024,1
213,409,103,10-08-2025,2
214,107,108,07-12-2025,2
215,1136,102,05-12-2024,3
216,1057,102,28-06-2024,2
217,172,103,29-11-2025,2
218,921,103,07-08-2024,2
219,188,104,11-10-2024,2
220,716,101,11-08-2025,2
221,110,107,12-05-2024,3
222,766,104,27-08-2024,2
223,168,106,14-06-2025,1
224,58,106,14-05-2024,1
225,687,103,17-08-2024,1
226,79,105,24-09-2024,2
227,285,108,06-06-2024,2
228,11,102,12-07-2024,1
229,525,104,08-10-2025,1
230,1124,107,26-10-2024,1
231,591,104,13-01-2025,2
232,250,101,22-01-2024,1
233,860,108,14-11-2024,1
234,228,108,30-05-2025,3
235,1098,101,17-07-2025,3
236,1056,104,15-04-2024,3
237,295,105,13-05-2024,2
238,4,106,20-09-2024,1
239,1169,107,20-07-2025,1
240,176,106,16-12-2024,1
241,1078,101,19-09-2025,2
242,963,101,27-03-2024,3
243,793,106,21-08-2024,2
244,34,106,03-03-2025,1
245,707,104,01-06-2025,3
246,213,106,29-09-2025,1
247,91,106,10-11-2024,3
248,694,103,18-09-2025,3
249,952,108,23-03-2024,3
250,374,103,15-05-2024,1
251,938,101,11-02-2024,2
252,413,101,07-08-2025,1
253,86,106,11-03-2024,2
254,1056,107,31-01-2024,3
255,970,105,19-07-2025,1
256,392,105,04-05-2025,2
257,98,106,06-09-2025,2
258,255,106,12-11-2024,2
259,820,108,17-11-2024,2
260,695,103,30-07-2024,2
261,1019,106,25-02-2024,3
262,547,102,17-05-2025,3
263,870,102,28-05-2025,2
264,370,105,18-07-2024,2
265,211,102,21-04-2024,2
266,606,105,10-08-2025,2
267,873,103,20-07-2024,3
268,910,106,05-03-2024,2
269,87,106,26-06-2024,3
270,891,105,31-05-2025,3
271,118,102,22-10-2025,3
272,832,106,16-10-2024,3
273,328,101,29-10-2024,1
274,898,101,18-09-2025,1
275,138,104,08-04-2025,3
276,751,106,06-01-2024,2
277,1162,101,27-07-2024,3
278,315,108,06-02-2024,2
279,762,108,04-09-2025,1
280,1176,103,04-03-2024,3
281,752,107,12-02-2024,2
282,571,104,16-06-2024,1
283,54,103,28-10-2025,2
284,1061,107,24-05-2024,3
285,242,105,07-09-2024,2
286,914,104,03-04-2025,3
287,585,108,20-12-2024,1
288,252,103,19-11-2025,1
289,926,103,28-08-2024,3
290,912,102,30-09-2024,3
291,655,106,26-10-2025,3
292,133,105,03-04-2024,2
293,323,103,02-04-2025,2
294,1042,104,26-11-2025,1
295,412,103,06-09-2024,1
296,1012,101,30-07-2024,2
297,1135,106,06-02-2025,2
298,1130,103,30-10-2024,3
299,177,102,12-06-2024,2
300,816,108,05-01-2024,3
301,842,107,07-04-2025,3
302,152,103,25-11-2025,2
303,152,108,06-09-2024,2
304,1060,106,27-02-2025,1
305,1130,103,11-10-2024,1
306,887,101,09-02-2024,1
307,1062,103,01-08-2024,2
308,338,103,25-09-2025,2
309,462,106,07-09-2024,3
310,582,102,03-08-2024,2
311,403,105,26-02-2025,1
312,621,102,02-11-2024,3
313,346,103,10-12-2023,1
314,692,101,04-05-2025,1
315,167,101,26-06-2025,3
316,1182,105,09-06-2024,3
317,432,107,13-06-2025,3
318,63,108,29-11-2024,3
319,1118,105,27-09-2025,3
320,619,108,15-07-2024,1
321,832,105,09-01-2025,2
322,150,101,25-04-2024,1
323,901,107,11-10-2025,2
324,952,104,30-12-2024,2
325,295,106,10-11-2024,3
326,654,106,08-11-2025,2
327,268,106,04-12-2024,3
328,1151,102,08-01-2024,2
329,496,108,31-05-2024,1
330,548,108,15-08-2025,1
331,289,102,19-08-2025,1
332,595,107,11-08-2025,3
333,857,104,04-11-2025,1
334,671,106,08-06-2025,1
335,327,108,20-11-2025,3
336,957,108,15-08-2024,2
337,1019,101,20-09-2025,1
338,806,108,28-02-2025,1
339,441,106,14-05-2025,1
340,104,105,24-03-2024,2
341,964,105,13-10-2024,3
342,17,102,23-12-2023,2
343,275,105,24-12-2024,3
344,750,107,11-10-2024,2
345,93,107,06-08-2025,1
346,1168,104,02-12-2025,2
347,1134,105,21-09-2025,1
348,792,108,29-03-2024,3
349,573,102,20-02-2024,1
350,199,107,22-02-2024,2
351,695,106,14-12-2024,1
352,408,107,30-12-2023,3
353,83,101,11-01-2025,1
354,281,106,27-12-2024,2
355,1064,108,16-04-2024,1
356,1056,103,24-09-2025,2
357,653,103,29-11-2025,2
358,613,106,21-01-2025,3
359,1044,108,02-04-2024,3
360,1153,105,17-08-2025,2
361,35,106,29-12-2023,2
362,225,107,12-02-2025,3
363,631,101,07-03-2025,3
364,972,105,18-12-2023,3
365,1185,104,26-02-2024,3
366,106,108,22-02-2024,1
367,1074,107,22-10-2025,1
368,497,101,17-10-2024,3
369,226,104,27-12-2023,1
370,904,106,03-08-2025,2
371,311,107,18-11-2024,3
372,418,107,09-02-2025,3
373,966,101,02-11-2024,3
374,283,104,02-11-2025,3
375,666,108,22-11-2024,3
376,772,106,21-10-2025,1
377,942,106,05-10-2025,3
378,726,105,30-04-2025,3
379,992,104,28-11-2025,1
380,572,105,05-07-2025,1
381,610,105,29-10-2025,3
382,425,108,02-05-2024,2
383,983,106,26-02-2025,3
384,561,105,08-09-2025,1
385,1175,107,04-02-2025,2
386,707,103,23-12-2024,2
387,87,105,12-11-2025,3
388,162,106,01-05-2024,2
389,526,108,02-05-2024,1
390,414,105,02-03-2025,3
391,557,103,07-12-2025,1
392,491,104,05-02-2024,1
393,1088,104,24-04-2024,3
394,477,101,05-06-2025,1
395,847,106,03-01-2024,3
396,968,102,22-03-2025,3
397,282,101,10-10-2025,3
398,324,107,29-11-2025,3
399,975,108,07-05-2025,3
400,409,105,28-07-2024,2
401,585,101,27-06-2024,1
402,1176,104,05-01-2025,3
403,77,103,29-10-2025,2
404,361,101,26-08-2025,2
405,1015,103,31-07-2024,3
406,593,101,03-04-2025,1
407,612,102,20-07-2025,2
408,583,108,03-06-2024,3
409,1113,108,27-04-2024,1
410,1033,108,17-11-2024,2
411,395,102,05-09-2024,2
412,333,108,15-11-2024,3
413,527,103,16-12-2023,1
414,691,105,27-10-2025,3
415,396,103,08-01-2025,3
416,831,107,15-08-2024,3
417,672,102,22-07-2024,2
418,196,103,20-12-2023,1
419,978,106,30-07-2024,1
420,14,105,07-01-2025,2
421,483,108,05-06-2024,2
422,676,105,03-12-2024,3
423,1174,101,22-07-2025,2
424,737,104,02-09-2025,1
425,243,108,23-11-2024,2
426,328,107,16-12-2023,3
427,1030,105,12-03-2024,3
428,241,105,03-12-2025,2
429,453,104,03-10-2025,1
430,980,103,06-06-2024,2
431,766,107,09-10-2025,3
432,1125,108,06-11-2024,3
433,448,104,29-12-2024,3
434,168,108,13-02-2024,3
435,741,102,16-12-2023,3
436,230,101,12-12-2023,3
437,1036,104,05-10-2025,3
438,1100,103,10-01-2025,1
439,672,108,12-11-2024,1
440,421,108,31-07-2024,1
441,1046,108,12-12-2024,1
442,929,103,23-11-2025,3
443,851,108,21-08-2025,3
444,119,108,23-10-2025,3
445,632,101,04-04-2024,2
446,522,101,01-06-2025,3
447,447,102,02-10-2024,1
448,868,106,29-06-2024,3
449,131,101,05-10-2024,1
450,967,101,04-12-2024,2
451,838,103,10-07-2024,1
452,861,106,05-01-2024,2
453,919,107,10-09-2025,2
454,165,103,07-11-2024,3
455,713,102,17-06-2024,1
456,1101,107,29-08-2024,3
457,261,104,08-02-2025,1
458,47,105,07-09-2025,2
459,1116,107,06-01-2025,3
460,777,104,16-01-2024,1
461,944,106,20-02-2025,1
462,565,104,30-08-2024,3
463,232,101,08-02-2025,3
464,859,101,02-11-2025,1
465,423,102,08-12-2024,1
466,69,108,02-02-2024,3
467,100,104,27-05-2025,3
468,91,107,15-09-2024,2
469,480,104,07-03-2024,1
470,287,105,03-02-2025,1
471,1180,106,22-09-2024,3
472,657,104,25-07-2024,2
473,294,104,26-11-2025,2
474,616,105,15-05-2024,1
475,1141,103,12-11-2024,3
476,875,108,20-08-2024,1
477,706,107,06-12-2025,3
478,653,107,23-12-2024,2
479,306,105,05-10-2025,2
480,377,108,18-02-2024,1
481,462,105,16-08-2024,3
482,296,108,21-11-2025,1
483,1152,107,13-12-2023,2
484,1142,103,28-09-2025,2
485,498,105,28-12-2023,1
486,677,102,03-09-2025,2
487,760,102,14-09-2025,3
488,391,101,25-12-2023,2
489,773,101,01-04-2024,1
490,386,104,10-12-2024,2
491,428,106,03-08-2024,2
492,32,104,18-09-2024,1
493,241,108,22-08-2024,1
494,419,107,08-07-2025,1
495,1131,106,12-04-2024,2
496,780,108,13-08-2024,3
497,736,105,06-02-2024,2
498,737,108,02-02-2025,2
499,202,108,10-09-2024,2
500,417,106,24-04-2024,2
501,848,101,31-10-2024,3
502,454,103,23-12-2024,1
503,535,107,12-02-2025,2
504,313,104,21-03-2024,2
505,472,107,16-11-2025,3
506,504,108,10-04-2024,3
507,692,105,25-04-2025,2
508,1005,108,05-03-2024,1
509,722,103,29-04-2024,1
510,1120,108,25-02-2024,1
511,1111,101,23-10-2025,3
512,70,102,14-09-2024,3
513,100,101,13-06-2025,2
514,282,104,17-12-2023,1
515,310,101,19-12-2024,1
516,1036,108,03-07-2024,2
517,124,108,09-01-2025,3
518,1000,101,03-05-2024,1
519,1090,107,09-10-2024,1
520,35,105,29-10-2025,3
521,588,101,18-12-2023,3
522,882,103,16-03-2024,1
523,198,103,08-06-2025,1
524,394,105,26-08-2024,2
525,548,107,24-12-2023,1
526,765,107,23-08-2024,2
527,1158,104,30-07-2025,3
528,463,105,30-11-2024,3
529,166,101,07-09-2024,1
530,831,107,30-07-2024,2
531,1132,108,17-12-2024,1
532,20,103,03-07-2025,1
533,1024,107,13-01-2025,3
534,679,102,03-05-2025,3
535,88,104,13-06-2025,1
536,1161,108,31-12-2024,2
537,96,102,20-08-2025,3
538,575,101,17-02-2025,1
539,645,101,23-09-2024,1
540,296,107,08-04-2024,1
541,613,103,26-10-2025,3
542,493,107,21-02-2025,3
543,1108,106,05-11-2024,2
544,287,102,05-02-2024,3
545,709,101,17-07-2024,1
546,896,104,04-12-2025,1
547,698,107,22-03-2025,2
548,61,105,05-02-2025,2
549,1005,104,20-11-2025,2
550,1133,107,21-11-2025,2
551,381,107,23-09-2025,1
552,605,104,06-07-2025,3
553,151,102,01-11-2024,2
554,316,107,04-12-2024,3
555,316,107,31-05-2024,2
556,739,102,02-07-2025,1
557,11,105,16-07-2025,2
558,738,105,20-03-2025,1
559,272,102,24-08-2025,1
560,883,108,18-12-2024,3
561,1137,107,28-03-2024,1
562,54,102,05-02-2025,2
563,1136,102,20-06-2025,3
564,665,107,26-03-2024,1
565,598,107,08-10-2024,2
566,174,104,01-10-2024,3
567,1068,103,14-06-2024,3
568,780,103,29-02-2024,1
569,551,105,24-05-2025,2
570,1010,103,18-10-2024,1
571,343,107,23-01-2025,2
572,863,105,04-02-2025,2
573,158,106,17-07-2024,2
574,506,108,17-01-2025,3
575,401,108,17-06-2025,1
576,278,105,28-05-2025,1
577,811,106,15-05-2024,3
578,779,106,06-08-2025,2
579,686,107,29-01-2025,3
580,279,105,11-01-2024,2
581,412,108,22-04-2024,2
582,364,107,12-10-2025,2
583,597,108,04-05-2025,3
584,497,106,26-12-2024,2
585,575,107,09-02-2025,2
586,234,104,05-12-2024,3
587,1118,103,18-07-2025,3
588,1127,101,26-09-2025,3
589,946,104,18-05-2025,2
590,597,102,22-03-2024,2
591,1023,103,06-03-2025,3
592,621,104,04-02-2024,2
593,316,107,01-02-2024,2
594,152,108,17-04-2025,3
595,982,107,08-01-2025,3
596,1038,107,31-07-2024,3
597,76,106,06-02-2025,3
598,1100,102,29-11-2025,1
599,509,106,09-12-2024,1
600,91,107,23-08-2025,2
601,882,102,12-11-2024,1
602,202,105,25-10-2025,1
603,1046,104,10-02-2024,2
604,767,107,11-12-2024,2
605,1025,103,13-09-2025,2
606,51,108,28-02-2025,1
607,606,107,01-03-2025,1
608,238,103,24-12-2023,2
609,639,106,30-01-2025,2
610,424,108,31-01-2024,2
611,976,102,15-08-2025,2
612,927,106,10-05-2025,1
613,615,101,27-08-2025,3
614,236,101,15-07-2025,2
615,224,103,24-11-2024,3
616,500,103,08-02-2025,3
617,328,106,19-05-2025,3
618,874,108,14-11-2024,1
619,830,103,09-03-2025,1
620,886,107,09-01-2024,1
621,405,108,30-07-2024,3
622,880,107,02-05-2024,1
623,440,104,17-05-2025,2
624,129,102,09-03-2025,3
625,383,106,29-05-2025,2
626,404,108,11-02-2024,1
627,538,108,15-12-2024,3
628,642,107,28-05-2024,3
629,804,102,01-09-2024,2
630,721,108,19-04-2025,3
631,354,105,13-03-2025,3
632,174,103,27-02-2025,2
633,242,104,26-11-2025,2
634,240,103,19-02-2024,2
635,290,107,11-05-2025,2
636,283,107,17-01-2025,2
637,381,108,12-06-2024,3
638,1101,103,28-07-2025,3
639,342,108,18-03-2025,2
640,288,103,29-04-2024,2
641,924,101,24-03-2025,2
642,20,108,11-02-2024,1
643,400,107,05-01-2024,3
644,1036,108,13-08-2025,2
645,1008,107,22-03-2024,3
646,910,108,21-05-2024,1
647,170,101,16-05-2025,1
648,599,101,06-05-2024,2
649,461,105,08-05-2025,1
650,937,108,29-10-2024,3
651,1047,102,16-06-2024,3
652,234,105,22-12-2023,3
653,752,101,13-04-2024,3
654,904,104,30-06-2025,2
655,210,104,24-11-2024,2
656,67,108,16-08-2025,2
657,714,102,31-07-2024,2
658,241,104,02-02-2025,1
659,719,107,20-10-2025,1
660,286,104,18-07-2024,1
661,122,106,03-02-2024,3
662,576,103,05-04-2025,2
663,600,105,16-04-2025,3
664,548,102,27-07-2024,1
665,843,101,03-08-2025,2
666,260,103,11-10-2024,1
667,300,106,02-12-2025,1
668,805,108,24-08-2025,1
669,1183,105,01-11-2024,3
670,849,107,04-12-2024,2
671,155,102,30-06-2025,2
672,1056,105,01-04-2025,3
673,756,108,02-07-2024,2
674,671,101,16-02-2024,3
675,191,108,01-05-2024,3
676,734,102,21-03-2024,3
677,815,104,05-12-2024,2
678,434,108,13-08-2025,2
679,662,105,08-06-2025,2
680,1121,103,01-05-2025,3
681,994,106,20-05-2024,3
682,100,101,14-11-2025,1
683,942,101,19-09-2024,1
684,324,108,04-11-2024,2
685,2,107,03-06-2025,1
686,271,105,05-04-2025,1
687,562,102,05-07-2025,3
688,739,105,28-09-2025,1
689,762,103,10-06-2024,1
690,812,105,28-04-2024,3
691,480,107,06-04-2024,3
692,187,102,19-08-2024,1
693,438,108,11-04-2025,1
694,272,104,29-05-2025,3
695,912,101,08-08-2024,1
696,704,102,14-06-2025,2
697,271,108,30-01-2024,1
698,469,107,10-01-2025,1
699,210,102,03-02-2024,2
700,753,105,27-03-2025,1
701,784,103,19-06-2025,3
702,293,102,04-01-2024,3
703,1154,101,22-01-2024,3
704,337,108,28-12-2024,2
705,437,103,14-07-2025,2
706,907,104,04-10-2025,1
707,206,103,26-12-2023,1
708,787,106,15-02-2025,2
709,645,103,30-04-2025,1
710,568,102,07-05-2024,1
711,1134,105,08-07-2025,3
712,55,105,27-08-2025,1
713,1061,104,19-01-2024,3
714,803,105,20-08-2025,3
715,112,104,04-08-2024,2
716,791,102,29-08-2025,1
717,1024,102,16-03-2024,3
718,25,106,19-05-2024,2
719,271,107,04-01-2024,3
720,862,106,09-12-2024,3
721,354,108,05-07-2025,1
722,35,102,08-05-2025,1
723,537,104,09-05-2024,1
724,124,107,10-11-2024,3
725,587,107,21-01-2024,2
726,824,102,28-02-2025,3
727,1099,103,14-08-2025,2
728,172,105,13-06-2025,1
729,1048,104,01-04-2025,1
730,1099,106,12-06-2024,2
731,136,105,03-04-2024,3
732,896,104,23-03-2024,1
733,501,102,25-08-2025,2
734,238,108,04-02-2024,3
735,113,105,08-08-2025,3
736,360,102,12-09-2025,1
737,282,101,25-12-2023,1
738,1017,106,15-01-2024,3
739,1060,105,29-07-2025,1
740,762,103,20-08-2025,3
741,551,102,26-04-2025,1
742,687,107,29-07-2025,2
743,1073,102,06-06-2024,2
744,1181,102,20-12-2023,2
745,933,106,01-01-2025,1
746,1024,103,14-07-2025,2
747,323,105,15-02-2024,1
748,1176,102,14-04-2025,1
749,1043,101,04-05-2024,1
750,26,104,06-06-2024,1
751,967,106,13-05-2025,2
752,308,103,18-06-2025,1
753,1133,107,01-09-2025,1
754,660,104,12-05-2025,2
755,656,105,28-12-2023,1
756,1171,106,04-12-2024,1
757,1029,101,09-05-2025,1
758,458,101,08-02-2025,2
759,142,108,06-01-2025,2
760,637,106,09-04-2025,1
761,1133,108,14-07-2025,1
762,756,104,25-04-2025,2
763,1155,105,04-08-2025,3
764,497,108,15-02-2025,2
765,1011,104,20-05-2025,3
766,1120,104,22-10-2025,1
767,14,107,19-10-2025,1
768,478,106,17-08-2025,3
769,20,106,12-03-2025,1
770,771,105,19-02-2025,1
771,421,104,28-02-2025,2
772,1008,101,20-02-2025,1
773,574,102,14-11-2024,1
774,475,107,08-08-2025,3
775,763,108,19-01-2025,3
776,174,102,05-01-2025,3
777,274,107,13-09-2024,1
778,1163,101,29-11-2025,2
779,268,104,20-08-2024,2
780,535,106,29-05-2025,2
781,669,106,26-09-2025,2
782,557,104,11-08-2024,1
783,416,103,09-01-2024,3
784,224,103,15-12-2024,1
785,337,108,28-11-2025,2
786,644,107,30-03-2025,1
787,1098,106,13-06-2024,1
788,926,105,11-08-2025,2
789,543,102,29-11-2024,1
790,323,105,06-03-2025,3
791,83,104,04-11-2024,2
792,304,102,13-05-2024,3
793,509,106,24-03-2025,2
794,1052,101,15-03-2024,3
795,613,105,03-01-2024,1
796,64,107,29-05-2024,2
797,1139,104,26-08-2024,1
798,947,102,29-03-2025,1
799,249,101,30-12-2023,1
800,456,103,12-02-2024,1
801,821,106,21-08-2025,3
802,173,105,12-12-2024,1
803,45,102,31-03-2024,1
804,909,103,06-07-2024,1
805,680,102,29-11-2025,1
806,945,101,02-04-2024,1
807,1176,107,22-02-2025,3
808,809,108,10-11-2025,1
809,784,107,06-08-2024,1
810,725,104,05-04-2025,1
811,564,105,26-09-2025,2
812,305,101,07-06-2025,3
813,504,105,05-01-2025,2
814,844,108,14-11-2024,1
815,180,105,14-07-2024,2
816,282,107,27-11-2024,1
817,1077,104,05-05-2025,3
818,1114,101,06-08-2025,2
819,736,108,02-09-2024,3
820,993,106,23-03-2024,3
821,1029,106,26-08-2025,2
822,554,103,19-01-2024,1
823,654,104,19-04-2024,1
824,576,101,17-03-2024,2
825,1085,106,28-09-2024,3
826,477,103,11-05-2024,1
827,508,104,06-04-2024,2
828,1093,101,16-11-2025,1
829,1180,107,29-02-2024,2
830,356,103,09-02-2025,1
831,652,106,22-08-2024,3
832,58,106,24-04-2024,3
833,1155,103,26-04-2024,3
834,386,108,08-06-2024,3
835,633,103,12-06-2025,2
836,78,102,19-01-2024,1
837,477,104,13-10-2025,1
838,1079,108,10-11-2025,1
839,680,104,22-06-2025,1
840,698,103,02-03-2024,2
841,122,101,06-06-2024,1
842,291,102,07-09-2024,3
843,748,102,01-08-2024,2
844,811,102,14-06-2025,2
845,619,106,10-01-2024,1
846,323,107,14-05-2025,3
847,998,106,10-10-2024,1
848,1151,106,13-01-2024,1
849,360,107,04-12-2025,2
850,604,103,14-10-2025,1
851,4,107,12-07-2024,3
852,67,103,03-03-2024,3
853,652,104,26-07-2025,3
854,1159,102,01-10-2024,2
855,289,106,04-01-2024,3
856,160,104,02-10-2024,2
857,655,103,08-08-2024,3
858,182,106,20-09-2024,2
859,24,105,20-04-2025,1
860,512,102,18-05-2024,2
861,526,102,29-10-2025,3
862,3,101,19-01-2025,2
863,898,107,08-02-2024,1
864,848,108,16-08-2025,2
865,720,107,14-07-2025,1
866,982,104,01-10-2024,1
867,925,102,04-07-2024,1
868,604,101,09-05-2025,2
869,535,102,29-10-2024,1
870,701,103,04-06-2025,2
871,330,102,15-12-2024,3
872,191,106,26-08-2024,3
873,989,101,17-09-2025,2
874,338,107,20-12-2023,1
875,110,102,28-03-2025,2
876,421,104,16-06-2024,2
877,1135,105,04-08-2024,3
878,577,105,13-10-2025,1
879,197,101,25-03-2025,2
880,1171,108,02-07-2024,1
881,112,106,25-09-2024,1
882,876,102,05-06-2024,2
883,984,104,12-03-2025,1
884,53,104,04-06-2025,1
885,598,102,29-08-2025,2
886,237,105,19-12-2024,2
887,965,108,20-02-2025,3
888,543,102,17-09-2024,3
889,1115,107,01-12-2024,1
890,760,107,11-12-2024,2
891,383,108,26-01-2025,1
892,540,108,27-08-2024,2
893,540,104,01-08-2024,2
894,1156,101,20-05-2025,1
895,199,102,23-08-2024,3
896,705,107,17-12-2023,3
897,466,101,23-06-2025,2
898,1071,107,28-09-2025,3
899,973,104,15-04-2025,2
900,613,102,20-08-2024,2
901,72,103,27-10-2025,1
902,920,103,06-05-2025,1
903,434,104,05-01-2025,1
904,88,107,31-01-2024,1
905,892,104,29-04-2025,3
906,303,105,30-01-2025,2
907,138,102,06-12-2024,2
908,1140,107,13-03-2025,3
909,668,105,11-05-2024,3
910,939,101,26-11-2025,3
911,1071,107,30-06-2024,1
912,849,103,27-12-2023,1
913,1161,102,30-05-2024,1
914,1153,102,15-05-2025,2
915,1097,106,31-01-2024,2
916,541,107,24-03-2025,3
917,995,108,19-03-2025,1
918,353,105,18-08-2025,2
919,295,107,23-01-2025,1
920,811,106,08-08-2025,3
921,487,101,21-02-2024,3
922,974,105,07-04-2024,2
923,42,106,03-11-2025,2
924,637,105,28-10-2025,2
925,202,104,24-07-2025,1
926,616,108,19-12-2023,2
927,552,107,14-12-2023,3
928,183,104,16-07-2025,2
929,433,107,05-09-2024,3
930,993,106,03-11-2025,1
931,1056,103,05-03-2024,1
932,638,107,08-03-2024,1
933,1074,101,10-11-2025,1
934,395,104,03-11-2024,1
935,511,101,10-07-2024,2
936,104,106,03-09-2024,3
937,408,105,05-06-2025,2
938,951,107,24-05-2024,3
939,254,101,06-05-2024,1
940,763,108,30-09-2024,3
941,914,103,11-11-2024,2
942,1130,106,15-03-2025,2
943,335,105,10-12-2024,3
944,186,105,30-11-2024,1
945,792,101,29-09-2024,1
946,1172,104,10-03-2024,1
947,462,104,11-01-2024,2
948,839,101,27-10-2024,3
949,19,108,21-06-2025,1
950,355,101,13-02-2024,1
951,517,105,27-10-2024,3
952,564,107,29-08-2025,2
953,715,108,15-06-2025,2
954,447,108,14-02-2025,2
955,1067,107,30-06-2025,3
956,210,101,22-06-2024,3
957,767,105,11-09-2024,2
958,222,108,30-05-2025,1
959,689,105,23-09-2025,3
960,666,105,09-05-2024,2
961,612,104,17-06-2025,1
962,1060,104,14-07-2024,1
963,828,106,15-06-2024,3
964,287,101,13-06-2025,3
965,1019,105,08-03-2025,2
966,858,107,15-10-2025,2
967,73,104,18-12-2023,2
968,456,108,23-03-2025,3
969,735,105,07-04-2024,1
970,1144,103,17-05-2024,2
971,200,108,24-03-2024,1
972,530,103,25-12-2024,3
973,688,102,29-01-2024,1
974,728,104,01-11-2025,3
975,629,107,24-04-2025,2
976,762,105,30-10-2025,3
977,603,108,29-07-2024,1
978,964,101,14-05-2024,3
979,1196,102,22-03-2025,2
980,399,102,21-03-2025,3
981,782,105,20-11-2024,2
982,111,103,27-11-2025,1
983,411,106,06-12-2024,2
984,1167,108,04-02-2025,1
985,648,103,07-10-2024,1
986,999,106,03-04-2024,3
987,363,106,13-08-2024,3
988,119,101,21-08-2024,2
989,561,104,11-02-2025,1
990,1181,103,27-12-2024,2
991,181,103,28-05-2025,3
992,889,107,09-12-2025,2
993,879,108,21-12-2023,2
994,10,101,24-12-2024,3
995,409,106,20-09-2025,1
996,660,104,04-01-2024,1
997,9,104,02-09-2025,1
998,706,105,23-07-2024,1
999,211,107,23-06-2025,3
1000,627,103,24-01-2025,1
1001,94,105,11-09-2024,2
1002,934,106,03-12-2024,2
1003,275,106,27-07-2024,2
1004,736,104,27-09-2024,1
1005,827,101,26-02-2024,1
1006,460,103,31-03-2025,1
1007,45,103,15-04-2024,1
1008,751,101,10-04-2024,2
1009,524,101,19-08-2025,3
1010,99,102,05-07-2024,3
1011,41,101,20-09-2025,3
1012,238,107,09-02-2025,2
1013,779,102,12-01-2025,3
1014,518,108,28-07-2024,3
1015,314,104,03-08-2024,3
1016,20,105,08-06-2025,2
1017,207,105,19-06-2025,3
1018,281,107,02-05-2025,1
1019,1048,102,12-12-2023,2
1020,234,102,11-05-2025,2
1021,407,104,29-10-2024,2
1022,1072,104,14-11-2025,2
1023,840,105,18-12-2024,1
1024,81,108,16-01-2024,1
1025,985,106,17-01-2025,1
1026,6,101,18-10-2025,3
1027,183,102,06-07-2025,3
1028,1012,103,02-02-2025,1
1029,1048,102,26-09-2024,3
1030,208,105,21-03-2025,3
1031,474,108,09-01-2024,2
1032,541,108,21-11-2025,1
1033,205,103,27-08-2025,1
1034,596,106,06-12-2025,3
1035,641,107,11-01-2025,3
1036,238,102,22-11-2025,1
1037,20,103,07-08-2024,3
1038,350,106,10-06-2024,2
1039,897,105,28-02-2024,3
1040,191,106,29-09-2024,2
1041,375,102,18-01-2025,2
1042,820,108,26-02-2025,2
1043,790,108,24-05-2025,2
1044,342,102,29-05-2024,1
1045,121,103,04-03-2025,1
1046,853,108,21-05-2024,3
1047,898,103,13-03-2025,3
1048,778,106,06-04-2025,3
1049,60,103,28-12-2023,2
1050,1000,102,25-10-2025,2
1051,903,101,12-07-2024,1
1052,536,106,20-11-2024,1
1053,1075,104,06-11-2024,3
1054,693,102,11-04-2025,2
1055,510,108,28-03-2025,2
1056,789,103,10-12-2023,3
1057,112,101,31-01-2024,3
1058,322,108,11-02-2025,2
1059,339,102,24-07-2025,2
1060,657,104,15-01-2024,2
1061,570,101,28-11-2024,3
1062,457,107,15-09-2025,2
1063,482,102,30-12-2023,2
1064,910,108,12-03-2024,1
1065,1021,108,14-09-2025,2
1066,244,108,25-12-2024,3
1067,37,102,21-10-2025,2
1068,845,101,15-05-2024,3
1069,1125,101,18-03-2024,1
1070,624,104,26-02-2025,3
1071,935,106,21-10-2025,2
1072,112,104,10-12-2023,2
1073,680,108,16-10-2024,3
1074,745,108,10-11-2024,1
1075,200,104,21-10-2025,1
1076,700,106,24-01-2024,3
1077,598,106,18-05-2024,3
1078,218,101,26-11-2025,1
1079,1009,103,25-07-2024,3
1080,839,102,04-06-2025,2
1081,402,104,09-11-2024,1
1082,805,104,06-01-2025,2
1083,391,106,16-02-2024,1
1084,849,101,21-04-2025,3
1085,253,108,16-01-2024,2
1086,1033,103,21-12-2023,2
1087,9,101,02-07-2025,3
1088,887,108,21-12-2023,3
1089,363,103,23-06-2024,3
1090,263,102,05-06-2024,2
1091,660,107,23-05-2024,2
1092,509,105,30-09-2025,2
1093,703,105,06-09-2025,2
1094,274,103,07-07-2025,2
1095,1050,105,09-12-2024,3
1096,1122,106,27-02-2024,3
1097,1134,104,17-10-2025,1
1098,430,105,30-10-2025,3
1099,708,103,22-12-2024,3
1100,365,106,10-09-2025,3
1101,237,106,27-12-2023,3
1102,984,107,02-11-2024,3
1103,1094,105,06-08-2024,2
1104,27,102,09-03-2024,1
1105,781,103,06-10-2025,1
1106,116,104,05-03-2025,2
1107,330,105,06-02-2025,3
1108,514,103,23-01-2024,1
1109,605,104,25-06-2024,3
1110,67,106,19-04-2025,2
1111,210,104,02-11-2024,3
1112,1150,107,25-10-2025,1
1113,1047,105,22-03-2025,3
1114,97,107,25-08-2025,2
1115,854,106,14-04-2024,3
1116,111,101,15-06-2024,3
1117,515,104,26-05-2025,3
1118,908,104,20-12-2023,3
1119,754,104,27-12-2024,3
1120,397,105,21-02-2025,2
1121,364,102,22-09-2025,1
1122,356,102,05-08-2025,2
1123,84,107,24-01-2025,2
1124,1140,105,04-02-2024,1
1125,330,105,13-05-2025,1
1126,677,108,09-01-2025,3
1127,318,101,19-03-2025,1
1128,661,101,06-09-2024,3
1129,617,108,05-05-2025,3
1130,1127,106,16-04-2025,1
1131,651,104,11-11-2024,1
1132,1067,102,20-03-2025,3
1133,327,107,05-02-2024,3
1134,1100,107,23-11-2024,1
1135,716,104,29-04-2025,1
1136,680,106,04-07-2025,2
1137,602,104,27-11-2025,3
1138,1087,108,04-02-2024,3
1139,19,102,16-03-2025,3
1140,709,108,19-09-2024,1
1141,500,101,22-05-2024,3
1142,658,107,15-02-2024,1
1143,791,105,17-03-2025,3
1144,580,101,03-10-2024,3
1145,768,108,10-12-2024,2
1146,90,105,05-05-2025,3
1147,395,106,29-07-2024,3
1148,169,102,30-01-2025,1
1149,1102,101,23-03-2025,3
1150,135,104,19-10-2024,3
1151,437,107,14-09-2024,1
1152,422,107,18-10-2025,3
1153,148,103,08-11-2025,1
1154,941,106,19-01-2025,1
1155,180,102,14-01-2024,1
1156,365,105,13-06-2025,3
1157,145,104,21-04-2025,2
1158,835,107,21-02-2024,2
1159,829,107,21-03-2025,2
1160,35,107,23-11-2024,3
1161,243,101,27-11-2025,3
1162,130,101,10-10-2025,3
1163,149,106,29-08-2024,3
1164,218,105,08-04-2025,3
1165,618,102,02-05-2024,2
1166,897,107,26-07-2024,2
1167,64,108,29-08-2024,1
1168,1093,104,14-02-2025,1
1169,801,105,29-02-2024,3
1170,296,105,05-10-2024,3
1171,765,101,19-03-2025,3
1172,1137,103,21-10-2025,1
1173,86,101,29-07-2024,3
1174,808,102,31-08-2024,2
1175,431,106,07-09-2024,1
1176,846,103,05-07-2025,1
1177,377,104,13-09-2025,3
1178,518,104,25-07-2024,1
1179,372,101,28-02-2025,3
1180,945,102,04-09-2024,2
1181,138,105,02-12-2025,1
1182,405,108,29-04-2024,2
1183,732,103,16-08-2024,3
1184,481,102,24-05-2025,2
1185,143,104,29-08-2025,2
1186,996,108,16-07-2024,2
1187,627,103,09-05-2024,3
1188,1161,106,12-03-2024,2
1189,878,103,25-02-2025,1
1190,642,104,07-07-2024,1
1191,894,105,29-04-2024,2
1192,276,106,28-02-2024,2
1193,948,108,21-11-2025,2
1194,626,108,15-06-2025,3
1195,223,103,12-08-2024,3
1196,168,105,06-05-2025,1
1197,1104,104,30-11-2025,2
1198,157,102,05-02-2025,1
1199,1039,101,07-12-2024,3
1200,1186,107,14-06-2025,3
1201,436,101,30-04-2024,3
1202,534,108,11-06-2024,3
1203,305,106,02-09-2025,2
1204,458,105,21-12-2024,1
1205,952,102,09-04-2024,2
1206,746,101,25-02-2024,3
1207,490,103,21-01-2024,3
1208,288,108,19-02-2024,1
1209,367,103,27-02-2025,3
1210,991,106,25-03-2025,1
1211,449,108,03-05-2025,1
1212,129,105,08-12-2024,2
1213,480,101,22-03-2025,3
1214,424,106,06-08-2024,2
1215,962,108,26-07-2025,1
1216,82,106,13-09-2025,1
1217,1068,105,08-03-2025,3
1218,540,103,07-03-2024,2
1219,776,106,14-09-2025,3
1220,160,105,29-12-2023,2
1221,457,107,28-07-2024,2
1222,707,108,21-12-2023,2
1223,14,103,14-09-2025,2
1224,340,104,04-03-2025,1
1225,1054,105,05-06-2024,1
1226,308,103,14-03-2024,1
1227,742,102,20-02-2025,3
1228,472,107,25-03-2025,2
1229,233,108,13-02-2025,3
1230,981,108,13-08-2024,1
1231,331,107,06-08-2024,1
1232,500,101,22-08-2025,1
1233,1175,103,15-06-2025,1
1234,1050,101,24-07-2024,3
1235,301,101,31-05-2025,1
1236,529,103,17-03-2025,3
1237,831,101,31-03-2024,3
1238,581,102,20-10-2024,1
1239,920,108,24-10-2025,2
1240,350,104,31-10-2024,2
1241,293,103,25-01-2024,3
1242,1047,105,13-01-2025,1
1243,702,108,20-02-2024,3
1244,141,104,14-06-2025,2
1245,790,103,30-12-2024,1
1246,34,104,28-08-2024,3
1247,1033,107,16-01-2025,1
1248,198,103,29-07-2025,2
1249,80,102,21-11-2024,1
1250,988,103,20-07-2024,3
1251,1105,101,24-02-2024,3
1252,884,107,19-06-2025,2
1253,89,107,16-01-2025,1
1254,988,107,30-11-2024,2
1255,1180,102,13-07-2024,2
1256,275,105,04-07-2025,2
1257,477,102,17-08-2024,2
1258,1114,107,10-04-2024,2
1259,388,101,08-01-2024,3
1260,15,102,25-08-2024,3
1261,15,107,09-03-2024,3
1262,421,106,30-06-2025,2
1263,742,102,15-08-2025,1
1264,873,105,10-06-2024,2
1265,1098,107,27-05-2024,3
1266,749,105,02-10-2024,3
1267,814,104,08-05-2025,2
1268,1131,108,11-10-2025,1
1269,759,108,13-12-2023,2
1270,629,106,03-11-2024,3
1271,816,103,15-07-2024,3
1272,244,104,27-09-2025,2
1273,332,102,04-03-2024,1
1274,1042,107,13-03-2024,2
1275,1128,101,04-05-2024,1
1276,797,101,05-02-2024,1
1277,298,108,18-07-2025,3
1278,892,102,24-11-2025,1
1279,539,104,19-06-2025,2
1280,164,101,17-04-2024,3
1281,788,107,20-03-2025,3
1282,1068,105,03-07-2024,3
1283,118,103,27-07-2025,3
1284,1013,108,06-05-2024,1
1285,414,105,05-02-2024,1
1286,69,104,06-04-2025,3
1287,348,101,13-01-2025,2
1288,490,101,12-03-2024,1
1289,178,105,12-10-2025,2
1290,724,107,15-05-2025,2
1291,411,101,05-01-2025,3
1292,141,102,17-10-2024,3
1293,583,106,07-07-2024,2
1294,567,104,05-08-2025,3
1295,399,108,20-12-2023,2
1296,1178,101,26-08-2025,2
1297,359,107,13-04-2025,3
1298,219,102,26-10-2024,3
1299,603,106,16-03-2025,1
1300,1052,105,02-08-2024,3
1301,1178,105,05-08-2024,3
1302,907,107,05-02-2024,3
1303,991,104,03-05-2025,2
1304,940,108,14-03-2025,3
1305,57,108,30-04-2025,1
1306,529,102,27-01-2025,2
1307,452,104,01-02-2025,2
1308,845,106,07-09-2024,3
1309,1098,101,16-04-2025,3
1310,540,104,24-08-2025,2
1311,191,107,13-11-2025,3
1312,701,102,31-10-2024,3
1313,366,108,06-12-2024,2
1314,725,104,17-07-2024,3
1315,552,103,25-04-2024,3
1316,390,108,28-09-2025,3
1317,409,104,20-06-2024,3
1318,496,105,03-04-2024,1
1319,470,104,01-04-2024,1
1320,730,103,11-02-2025,1
1321,246,102,17-10-2024,3
1322,1009,101,10-04-2025,3
1323,87,108,08-08-2024,2
1324,646,108,24-04-2025,3
1325,563,108,26-01-2024,1
1326,1047,105,17-06-2024,2
1327,455,103,19-11-2025,1
1328,1077,107,03-10-2025,2
1329,1108,101,16-04-2024,3
1330,712,107,06-04-2025,3
1331,358,108,14-07-2025,1
1332,1062,108,11-04-2025,2
1333,18,101,25-08-2024,3
1334,432,107,10-08-2025,3
1335,207,106,17-11-2025,2
1336,532,103,17-07-2025,3
1337,539,104,15-10-2025,2
1338,966,106,04-08-2024,2
1339,377,108,25-05-2024,2
1340,432,107,23-11-2024,3
1341,763,106,22-07-2025,2
1342,573,108,14-09-2025,1
1343,1171,103,18-09-2025,3
1344,469,102,31-03-2025,3
1345,553,104,28-12-2024,3
1346,886,107,11-12-2023,1
1347,299,103,01-10-2024,2
1348,20,103,26-04-2024,2
1349,1024,103,09-11-2025,3
1350,1059,106,26-09-2024,2
1351,615,105,28-01-2025,3
1352,1163,101,10-06-2025,2
1353,203,103,11-08-2025,1
1354,442,105,18-09-2024,2
1355,198,108,21-07-2025,3
1356,686,105,22-08-2025,2
1357,738,105,06-05-2025,2
1358,41,107,17-04-2024,1
1359,720,104,21-03-2024,3
1360,1180,103,10-08-2024,2
1361,728,106,21-08-2025,3
1362,1046,108,20-08-2024,3
1363,916,102,23-04-2025,2
1364,587,108,01-12-2025,3
1365,297,103,19-03-2024,3
1366,691,107,08-05-2025,3
1367,1171,107,24-02-2025,1
1368,163,103,22-09-2025,2
1369,468,106,19-10-2024,2
1370,597,105,11-02-2025,3
1371,810,105,12-05-2024,2
1372,744,108,19-01-2025,2
1373,343,103,19-12-2023,1
1374,257,104,20-03-2025,3
1375,516,102,12-07-2024,1
1376,342,107,05-07-2025,1
1377,196,102,19-05-2024,2
1378,1124,101,15-02-2025,1
1379,814,102,25-07-2024,1
1380,538,103,18-11-2025,1
1381,799,105,17-07-2024,1
1382,507,105,03-07-2025,2
1383,259,103,29-09-2025,3
1384,350,101,05-02-2024,1
1385,731,106,31-08-2024,2
1386,957,105,17-10-2025,3
1387,912,103,08-10-2024,3
1388,1105,103,25-01-2024,3
1389,936,107,02-05-2024,3
1390,1094,105,12-07-2024,2
1391,987,104,03-05-2024,1
1392,905,105,31-05-2025,2
1393,845,105,20-06-2024,1
1394,622,101,05-10-2025,1
1395,1072,103,22-02-2024,2
1396,588,108,04-10-2025,3
1397,18,108,27-04-2025,2
1398,614,101,10-10-2024,2
1399,600,104,18-12-2023,1
1400,1123,106,06-02-2024,1
1401,844,107,01-03-2024,2
1402,512,103,13-04-2024,3
1403,799,107,18-01-2024,1
1404,539,102,15-10-2025,2
1405,491,105,21-06-2024,2
1406,1090,105,15-03-2024,2
1407,386,102,07-12-2024,1
1408,280,105,19-04-2024,1
1409,933,108,02-08-2024,2
1410,1008,104,18-07-2025,2
1411,40,103,21-09-2025,1
1412,1096,101,23-10-2024,1
1413,210,105,26-10-2024,2
1414,257,108,19-01-2025,3
1415,17,104,10-02-2024,1
1416,309,101,22-09-2024,2
1417,445,106,05-02-2024,2
1418,639,108,29-12-2024,2
1419,950,101,07-05-2025,2
1420,165,103,24-06-2025,1
1421,546,107,10-05-2024,1
1422,1113,108,23-09-2025,1
1423,394,105,11-08-2024,2
1424,26,102,24-02-2025,3
1425,510,107,01-07-2024,2
1426,507,101,22-10-2025,1
1427,944,102,26-01-2025,3
1428,427,108,23-02-2024,2
1429,640,106,23-11-2024,1
1430,87,102,16-01-2024,2
1431,986,105,11-12-2024,1
1432,739,101,15-08-2024,3
1433,447,102,02-04-2025,1
1434,890,106,08-07-2024,1
1435,343,105,01-07-2024,3
1436,246,107,27-12-2024,1
1437,19,101,02-03-2025,3
1438,974,103,24-12-2024,2
1439,184,104,25-11-2025,1
1440,1024,102,11-04-2024,3
1441,694,101,16-05-2024,1
1442,729,103,09-12-2025,3
1443,1099,102,27-07-2025,1
1444,1000,104,20-11-2024,2
1445,1144,106,11-01-2025,2
1446,396,101,28-04-2024,3
1447,774,106,11-04-2024,3
1448,276,105,09-01-2024,1
1449,994,108,07-03-2024,3
1450,604,108,20-07-2024,1
1451,1161,103,15-03-2024,3
1452,713,106,23-09-2024,3
1453,960,105,10-02-2024,3
1454,1136,103,28-07-2025,1
1455,1088,103,31-05-2025,2
1456,606,105,23-10-2024,3
1457,752,108,05-07-2025,1
1458,1037,107,29-11-2025,3
1459,380,101,07-12-2025,3
1460,746,104,18-10-2025,2
1461,130,107,27-08-2025,1
1462,1074,108,04-01-2024,3
1463,316,105,29-06-2025,2
1464,840,106,29-12-2024,1
1465,198,102,17-12-2024,1
1466,266,103,01-10-2025,1
1467,414,102,16-09-2024,2
1468,393,102,04-05-2024,1
1469,1170,107,16-06-2024,3
1470,1004,105,29-08-2024,1
1471,751,104,14-12-2024,3
1472,146,101,19-06-2024,1
1473,1007,102,08-02-2025,2
1474,125,106,06-08-2024,3
1475,852,106,09-12-2025,3
1476,120,105,26-11-2025,3
1477,84,102,21-12-2023,2
1478,160,104,22-12-2024,3
1479,199,102,28-12-2023,3
1480,474,107,18-11-2025,1
1481,396,104,16-08-2025,3
1482,367,107,03-03-2025,3
1483,217,106,27-10-2025,3
1484,940,107,05-10-2025,1
1485,342,103,27-10-2025,3
1486,823,106,18-04-2024,3
1487,324,108,28-06-2024,2
1488,646,106,01-12-2024,2
1489,845,107,02-03-2025,3
1490,663,104,10-05-2025,3
1491,1118,104,22-11-2025,2
1492,1127,105,19-11-2024,2
1493,927,108,21-02-2024,2
1494,1,101,25-03-2025,2
1495,34,103,10-10-2025,2
1496,14,105,02-09-2024,1
1497,440,106,23-02-2024,1
1498,566,103,07-03-2024,1
1499,78,108,15-09-2024,2
1500,320,103,20-04-2024,2
1501,752,104,24-06-2024,1
1502,525,105,09-12-2024,1
1503,1169,107,04-07-2025,3
1504,446,102,08-01-2024,3
1505,665,108,24-05-2025,1
1506,1000,102,26-03-2024,3
1507,616,101,22-05-2024,3
1508,1181,107,12-12-2024,1
1509,115,106,09-04-2024,2
1510,890,107,12-11-2025,1
1511,465,101,28-04-2025,3
1512,784,101,09-09-2025,2
1513,1074,101,29-10-2025,2
1514,1106,103,11-12-2023,2
1515,1029,104,12-08-2025,1
1516,104,107,28-02-2024,2
1517,1179,102,17-11-2025,1
1518,885,105,02-08-2024,2
1519,304,103,03-11-2025,2
1520,170,108,15-12-2024,3
1521,101,107,09-06-2025,2
1522,175,107,22-11-2025,3
1523,890,103,25-07-2025,1
1524,985,104,06-05-2025,2
1525,810,104,25-12-2023,3
1526,1074,104,15-12-2023,1
1527,147,105,30-04-2025,2
1528,663,102,10-11-2025,1
1529,848,107,24-02-2025,2
1530,714,104,15-12-2024,2
1531,706,101,08-07-2024,2
1532,347,106,17-06-2025,3
1533,906,103,10-07-2024,2
1534,92,104,22-01-2024,1
1535,766,103,09-02-2025,3
1536,176,102,07-07-2024,3
1537,112,104,12-09-2024,3
1538,303,105,30-07-2025,1
1539,704,102,01-02-2025,2
1540,922,108,21-06-2024,1
1541,680,104,05-06-2025,3
1542,1102,104,12-03-2024,1
1543,1120,105,23-11-2025,3
1544,990,103,11-06-2024,3
1545,38,107,18-09-2024,3
1546,1079,101,08-12-2024,2
1547,349,101,16-02-2024,2
1548,412,105,02-09-2024,1
1549,953,101,19-07-2025,1
1550,796,105,11-10-2025,3
1551,738,102,30-10-2024,1
1552,600,107,16-11-2025,1
1553,780,102,17-12-2024,2
1554,993,102,16-07-2025,1
1555,408,108,08-09-2024,3
1556,45,101,29-04-2024,1
1557,1085,105,07-12-2024,2
1558,1004,107,10-08-2025,3
1559,322,101,11-03-2024,2
1560,721,106,10-11-2024,3
1561,620,104,27-06-2024,3
1562,565,101,30-10-2024,3
1563,528,107,09-04-2025,1
1564,1137,105,22-06-2025,1
1565,311,106,23-07-2025,2
1566,282,102,04-09-2024,3
1567,783,104,10-09-2024,2
1568,493,103,26-03-2024,2
1569,640,106,09-07-2025,2
1570,1111,103,26-09-2024,1
1571,284,104,22-07-2024,1
1572,633,103,02-11-2025,2
1573,298,103,27-02-2024,2
1574,139,102,15-12-2023,1
1575,651,103,23-05-2024,3
1576,61,106,16-09-2025,2
1577,843,105,27-06-2024,2
1578,561,103,12-09-2025,1
1579,219,103,24-03-2024,1
1580,54,105,16-05-2025,3
1581,1162,104,12-04-2024,3
1582,476,104,03-01-2025,3
1583,54,106,19-04-2024,1
1584,977,103,09-06-2024,3
1585,961,106,27-12-2024,1
1586,794,108,16-10-2024,2
1587,282,103,11-06-2024,1
1588,464,101,22-07-2025,2
1589,31,105,07-03-2024,2
1590,456,104,22-02-2024,1
1591,136,103,15-04-2024,2
1592,1004,106,30-01-2025,2
1593,506,107,03-06-2025,2
1594,86,107,11-08-2024,3
1595,641,107,02-03-2024,3
1596,1172,101,22-12-2024,3
1597,224,108,11-10-2025,2
1598,87,104,06-01-2025,3
1599,1102,107,30-05-2025,3
1600,81,107,28-06-2025,3
1601,101,104,25-02-2025,2
1602,901,107,18-03-2025,2
1603,586,108,26-06-2025,1
1604,866,105,10-08-2024,3
1605,112,103,16-11-2024,2
1606,926,102,19-09-2025,3
1607,1026,102,29-11-2025,1
1608,1199,103,28-12-2023,2
1609,847,106,16-02-2025,2
1610,52,103,21-05-2024,2
1611,414,108,28-01-2024,1
1612,513,106,14-02-2024,3
1613,336,102,02-08-2024,1
1614,234,108,29-05-2024,3
1615,744,102,10-04-2025,3
1616,787,103,28-01-2024,2
1617,1128,107,26-08-2024,1
1618,350,106,29-11-2025,3
1619,308,103,04-05-2025,1
1620,367,101,25-02-2024,2
1621,631,105,24-06-2025,3
1622,914,105,27-06-2024,3
1623,371,102,18-01-2024,1
1624,416,101,18-08-2024,3
1625,519,101,27-06-2024,2
1626,1020,108,08-05-2024,3
1627,12,108,24-03-2024,1
1628,445,108,01-11-2025,2
1629,840,108,13-11-2024,1
1630,14,104,09-01-2024,3
1631,570,104,09-07-2024,1
1632,379,103,22-01-2025,1
1633,715,101,09-08-2024,1
1634,67,105,07-09-2024,2
1635,180,101,28-06-2024,1
1636,854,103,11-06-2024,1
1637,583,103,03-06-2024,2
1638,1186,106,03-12-2024,1
1639,191,105,07-09-2024,2
1640,755,107,12-02-2025,1
1641,876,102,02-07-2024,2
1642,965,103,28-06-2024,1
1643,563,106,31-01-2024,3
1644,848,104,01-05-2024,3
1645,429,101,10-05-2024,1
1646,1171,102,10-06-2024,2
1647,589,107,01-02-2024,3
1648,649,105,11-11-2024,3
1649,1178,106,26-12-2023,1
1650,1153,108,03-04-2025,3
1651,1020,108,16-11-2024,1
1652,477,105,22-04-2024,1
1653,4,102,23-11-2025,1
1654,953,102,30-09-2025,3
1655,425,107,22-01-2024,2
1656,94,106,28-11-2024,2
1657,1148,104,30-06-2025,1
1658,413,105,19-08-2025,2
1659,139,105,24-01-2025,2
1660,1038,106,10-08-2025,1
1661,234,106,25-05-2024,2
1662,812,101,15-04-2025,1
1663,398,106,13-08-2025,2
1664,982,108,13-07-2024,1
1665,279,108,24-12-2024,1
1666,944,106,01-02-2025,2
1667,848,101,28-11-2024,3
1668,614,106,12-04-2024,3
1669,1098,101,20-06-2025,1
1670,1183,106,16-05-2025,2
1671,136,103,26-11-2025,2
1672,64,106,10-10-2024,2
1673,1095,103,24-12-2024,3
1674,798,103,28-07-2025,3
1675,240,105,10-07-2025,3
1676,645,101,19-05-2025,2
1677,848,102,11-02-2025,2
1678,487,106,27-09-2024,2
1679,620,104,31-10-2024,3
1680,620,103,19-06-2024,1
1681,767,101,15-01-2025,1
1682,190,108,31-03-2025,3
1683,52,108,20-12-2024,3
1684,316,104,14-08-2025,2
1685,991,105,14-04-2024,2
1686,294,102,26-11-2024,3
1687,272,104,12-02-2024,3
1688,75,108,09-01-2024,2
1689,1070,102,16-10-2024,1
1690,637,101,27-02-2024,3
1691,179,106,22-04-2025,2
1692,95,102,03-01-2024,3
1693,640,101,14-09-2025,3
1694,640,104,31-12-2023,2
1695,411,104,21-11-2024,2
1696,567,106,11-05-2025,2
1697,241,105,10-06-2024,1
1698,323,105,01-03-2025,1
1699,32,102,02-05-2024,1
1700,1112,106,21-12-2023,3
1701,653,105,03-07-2025,1
1702,581,104,18-05-2025,1
1703,146,105,03-10-2025,3
1704,694,108,16-08-2024,1
1705,267,101,29-05-2024,2
1706,104,102,11-10-2024,2
1707,111,102,16-02-2024,2
1708,803,103,23-10-2025,3
1709,914,106,30-04-2024,2
1710,681,104,05-03-2024,3
1711,1093,102,08-01-2024,2
1712,1163,103,03-07-2024,1
1713,960,102,31-05-2024,2
1714,636,108,29-04-2024,2
1715,475,104,28-08-2024,1
1716,529,106,22-04-2025,2
1717,376,106,25-01-2024,2
1718,929,108,02-10-2025,1
1719,134,108,21-11-2025,1
1720,720,108,13-03-2025,2
1721,350,105,24-04-2024,2
1722,1177,103,21-02-2025,3
1723,211,107,24-06-2024,3
1724,220,106,12-01-2025,3
1725,146,105,26-01-2025,3
1726,945,107,20-07-2024,3
1727,847,104,10-10-2024,3
1728,500,103,13-11-2024,2
1729,787,102,31-12-2023,2
1730,427,107,20-01-2025,2
1731,1162,106,16-03-2024,3
1732,484,103,11-01-2024,3
1733,160,108,08-07-2024,1
1734,949,106,11-12-2024,3
1735,200,108,01-08-2024,1
1736,631,107,07-07-2025,1
1737,223,107,26-11-2024,2
1738,1013,101,07-04-2024,1
1739,446,103,03-05-2025,3
1740,1,103,08-05-2025,3
1741,306,108,07-06-2025,3
1742,597,107,02-01-2025,3
1743,1184,108,05-06-2024,1
1744,422,106,10-09-2024,2
1745,1168,105,24-11-2025,2
1746,706,102,18-11-2025,3
1747,17,107,15-02-2025,1
1748,603,101,30-12-2023,2
1749,1125,101,01-04-2024,1
1750,1147,106,06-04-2025,1
1751,578,101,17-01-2024,1
1752,885,107,07-05-2025,3
1753,652,107,16-01-2024,2
1754,782,107,19-06-2025,3
1755,433,103,20-06-2025,2
1756,285,104,10-11-2024,3
1757,788,106,02-10-2024,2
1758,316,105,03-09-2025,3
1759,258,103,18-07-2024,1
1760,147,101,11-09-2025,1
1761,997,107,31-05-2025,1
1762,174,103,08-01-2025,3
1763,852,108,05-10-2024,3
1764,872,103,27-04-2024,2
1765,1044,107,13-03-2024,3
1766,922,107,01-01-2025,2
1767,463,103,17-09-2025,2
1768,16,108,26-03-2024,3
1769,485,105,28-06-2024,2
1770,1119,106,07-07-2024,1
1771,78,108,19-01-2025,3
1772,755,102,14-02-2025,3
1773,987,102,13-03-2025,1
1774,1079,105,08-09-2025,2
1775,1059,102,22-09-2025,3
1776,182,104,24-06-2025,2
1777,160,105,18-06-2024,3
1778,109,106,22-06-2025,3
1779,23,108,23-08-2024,2
1780,1050,108,18-03-2025,3
1781,679,107,08-06-2025,2
1782,604,105,19-12-2024,1
1783,73,105,31-08-2025,3
1784,1155,105,15-04-2024,1
1785,970,103,01-10-2024,3
1786,106,105,26-10-2024,3
1787,56,105,11-12-2024,2
1788,169,103,04-12-2025,3
1789,158,105,22-10-2024,2
1790,272,105,16-10-2025,2
1791,527,101,24-03-2024,3
1792,229,103,07-12-2025,3
1793,310,108,09-09-2024,2
1794,360,105,27-04-2025,3
1795,484,108,31-07-2025,1
1796,1081,101,23-05-2024,2
1797,173,103,30-12-2023,3
1798,316,108,26-07-2024,2
1799,785,104,25-12-2024,3
1800,902,103,24-04-2024,1
1801,1184,106,21-05-2024,1
1802,542,102,22-05-2024,1
1803,344,108,05-07-2024,2
1804,976,105,12-12-2023,2
1805,1091,104,31-03-2025,2
1806,799,108,27-03-2024,2
1807,298,107,30-09-2024,1
1808,592,108,23-12-2023,2
1809,647,101,24-07-2024,1
1810,1089,106,26-05-2025,2
1811,559,106,04-10-2025,2
1812,547,102,17-12-2023,2
1813,1197,107,24-05-2025,2
1814,496,104,21-02-2025,3
1815,692,103,01-09-2024,2
1816,1122,101,14-10-2025,3
1817,18,102,09-03-2024,1
1818,843,102,13-02-2025,3
1819,213,108,03-06-2024,2
1820,450,105,05-05-2024,2
1821,396,101,09-03-2025,1
1822,189,101,21-08-2024,3
1823,445,102,21-06-2024,3
1824,246,102,11-08-2025,3
1825,267,107,16-07-2025,3
1826,1160,103,25-04-2024,1
1827,378,105,25-06-2025,2
1828,957,102,16-07-2024,3
1829,929,105,30-11-2024,2
1830,663,105,29-09-2025,1
1831,152,105,08-06-2025,1
1832,784,107,19-11-2025,2
1833,124,105,27-09-2024,2
1834,365,108,02-10-2025,1
1835,1008,104,17-05-2025,3
1836,805,103,20-12-2024,3
1837,1008,102,16-01-2024,1
1838,1108,107,20-09-2025,1
1839,218,108,22-03-2024,3
1840,531,102,22-10-2025,1
1841,150,102,28-10-2025,3
1842,514,108,09-04-2025,1
1843,1020,103,16-09-2024,3
1844,2,101,28-04-2025,3
1845,800,105,10-02-2025,1
1846,676,107,31-03-2024,3
1847,8,108,26-05-2024,2
1848,894,107,08-08-2025,3
1849,144,104,18-06-2025,1
1850,788,108,14-03-2025,1
1851,1162,106,14-09-2024,2
1852,621,107,17-10-2024,1
1853,186,106,15-04-2025,3
1854,697,102,25-03-2025,2
1855,594,104,17-04-2024,1
1856,1136,101,11-11-2025,2
1857,392,105,27-03-2024,3
1858,799,102,10-04-2025,3
1859,736,108,05-04-2024,1
1860,897,104,19-04-2025,1
1861,74,104,02-02-2024,1
1862,489,108,26-05-2024,2
1863,130,105,24-01-2024,2
1864,1094,108,03-11-2025,1
1865,76,106,18-09-2024,1
1866,692,101,21-02-2025,2
1867,243,104,07-08-2024,3
1868,1072,108,26-08-2024,3
1869,1099,103,28-08-2025,3
1870,1187,104,10-11-2025,1
1871,76,103,10-05-2024,2
1872,40,108,21-02-2025,3
1873,94,104,28-05-2024,3
1874,268,101,27-09-2024,1
1875,103,105,03-08-2024,1
1876,935,103,23-12-2023,3
1877,131,102,29-06-2025,1
1878,1019,104,23-10-2024,1
1879,416,107,29-12-2024,2
1880,824,106,04-04-2025,1
1881,1180,103,03-02-2025,2
1882,437,101,09-10-2024,3
1883,356,106,06-01-2024,1
1884,248,105,10-04-2024,1
1885,851,103,05-03-2025,3
1886,758,103,12-12-2023,2
1887,499,101,28-09-2024,1
1888,205,107,22-03-2025,1
1889,33,108,27-06-2025,1
1890,14,101,06-05-2025,1
1891,183,105,10-02-2024,2
1892,975,103,21-10-2024,1
1893,294,105,26-12-2024,3
1894,923,107,25-06-2025,1
1895,358,101,23-08-2024,3
1896,369,108,27-02-2025,3
1897,181,105,11-08-2024,2
1898,858,101,05-12-2025,3
1899,483,104,21-11-2024,1
1900,1086,102,22-08-2024,3
1901,742,104,20-12-2024,2
1902,427,105,26-12-2024,1
1903,397,102,10-12-2023,1
1904,972,108,16-09-2025,1
1905,328,101,28-02-2024,1
1906,746,105,18-03-2025,1
1907,891,105,05-04-2024,2
1908,929,101,09-07-2025,1
1909,108,103,22-01-2025,1
1910,60,108,30-09-2024,3
1911,238,102,14-02-2024,1
1912,911,106,14-09-2025,2
1913,408,106,16-10-2025,1
1914,226,106,23-08-2025,1
1915,201,104,26-11-2024,3
1916,845,104,22-11-2024,2
1917,452,102,24-12-2023,2
1918,1199,108,21-04-2024,1
1919,893,103,02-11-2024,1
1920,932,103,29-08-2024,2
1921,765,103,17-11-2024,2
1922,398,106,26-03-2025,2
1923,415,106,25-02-2025,1
1924,66,101,18-03-2024,2
1925,280,102,25-08-2024,2
1926,940,107,06-08-2025,1
1927,704,104,03-05-2025,2
1928,322,103,04-06-2024,3
1929,1133,104,02-09-2025,1
1930,844,108,19-07-2025,1
1931,970,108,15-11-2025,2
1932,30,107,06-01-2024,3
1933,506,104,18-10-2024,2
1934,890,104,21-04-2025,3
1935,306,101,23-08-2025,2
1936,91,101,11-05-2024,2
1937,1033,101,05-07-2024,2
1938,1088,107,19-12-2024,2
1939,201,108,11-06-2024,2
1940,493,102,30-11-2025,3
1941,26,107,30-01-2025,1
1942,272,106,12-07-2025,2
1943,490,102,17-09-2025,1
1944,983,105,05-10-2024,1
1945,941,101,07-04-2025,2
1946,950,103,10-06-2024,3
1947,831,103,28-02-2025,2
1948,951,101,28-04-2025,3
1949,145,107,11-01-2025,3
1950,682,101,10-08-2025,2
1951,873,105,16-08-2025,3
1952,1111,104,10-01-2025,3
1953,166,106,23-10-2025,3
1954,113,106,20-01-2024,1
1955,228,107,15-09-2024,2
1956,954,101,04-02-2025,2
1957,751,103,21-12-2024,3
1958,1145,102,11-07-2024,3
1959,420,103,20-10-2025,2
1960,489,102,15-06-2025,3
1961,980,104,30-10-2024,3
1962,462,106,19-03-2024,2
1963,548,107,15-09-2024,2
1964,112,102,21-06-2024,2
1965,708,108,12-08-2025,2
1966,1027,102,01-06-2025,2
1967,1090,105,24-03-2024,2
1968,754,102,26-09-2025,1
1969,938,102,06-08-2024,1
1970,801,103,05-01-2024,2
1971,158,102,25-05-2025,1
1972,566,102,28-07-2024,3
1973,304,108,22-06-2024,1
1974,419,101,13-02-2024,2
1975,854,103,02-10-2024,2
1976,711,107,27-04-2025,2
1977,44,105,29-12-2024,1
1978,129,101,18-08-2025,1
1979,1065,106,29-12-2024,2
1980,1186,106,23-01-2025,3
1981,669,108,08-09-2024,3
1982,1086,108,16-03-2024,2
1983,623,103,01-11-2025,2
1984,352,105,13-06-2025,1
1985,992,106,10-02-2025,2
1986,97,103,04-04-2025,2
1987,583,108,12-07-2025,1
1988,330,105,21-03-2024,1
1989,360,103,03-08-2025,1
1990,488,102,01-09-2025,1
1991,649,103,10-12-2024,2
1992,534,106,12-04-2024,1
1993,421,101,02-11-2024,3
1994,650,106,03-12-2025,1
1995,764,108,27-01-2024,3
1996,333,105,15-06-2024,1
1997,52,107,07-10-2025,2
1998,298,108,27-12-2024,2
1999,320,101,08-08-2024,3
2000,1119,106,02-09-2024,3
2001,606,108,22-05-2024,2
2002,1175,103,24-12-2024,3
2003,906,106,11-02-2025,3
2004,231,108,07-05-2024,1
2005,286,102,28-07-2024,2
2006,51,107,23-10-2024,3
2007,452,108,24-08-2024,2
2008,190,106,31-12-2024,1
2009,400,104,28-12-2024,2
2010,401,101,28-01-2025,1
2011,1103,108,24-06-2025,3
2012,179,107,15-10-2025,1
2013,1005,106,18-03-2025,3
2014,1048,101,17-07-2025,3
2015,740,107,08-10-2025,1
2016,876,106,01-08-2025,2
2017,764,101,03-09-2024,2
2018,707,106,10-05-2024,2
2019,913,102,23-12-2024,1
2020,910,107,01-07-2024,2
2021,592,103,14-08-2024,3
2022,869,107,12-07-2024,1
2023,177,103,06-08-2025,1
2024,622,108,27-09-2025,3
2025,687,102,17-05-2025,3
2026,770,102,12-11-2025,1
2027,839,105,13-03-2025,2
2028,359,108,28-02-2024,3
2029,1164,103,11-02-2024,1
2030,381,107,15-10-2025,2
2031,1135,108,07-01-2024,1
2032,619,105,17-03-2024,2
2033,1146,108,01-05-2024,1
2034,55,101,12-11-2024,1
2035,538,105,05-10-2025,3
2036,968,102,04-04-2025,3
2037,590,107,18-07-2024,1
2038,1008,104,20-05-2024,1
2039,245,105,26-07-2024,2
2040,137,106,28-06-2024,3
2041,985,107,05-04-2025,2
2042,975,102,24-11-2024,2
2043,1050,101,29-11-2024,2
2044,334,101,08-05-2024,1
2045,655,108,04-02-2025,3
2046,278,106,24-04-2025,1
2047,109,105,23-07-2024,2
2048,860,106,11-04-2024,1
2049,594,105,26-08-2024,3
2050,158,104,08-11-2024,3
2051,376,102,19-05-2025,3
2052,343,106,04-10-2024,2
2053,617,105,04-10-2024,3
2054,743,102,06-05-2024,3
2055,1188,106,05-09-2025,1
2056,27,103,09-07-2025,3
2057,577,106,15-03-2024,2
2058,844,106,19-05-2025,1
2059,210,104,17-04-2025,1
2060,1031,104,12-11-2024,1
2061,1145,102,05-01-2024,2
2062,944,102,07-05-2025,1
2063,269,101,03-12-2025,2
2064,714,105,19-06-2025,3
2065,743,103,03-01-2024,2
2066,1072,106,06-10-2024,1
2067,624,101,10-09-2024,3
2068,243,104,03-11-2025,1
2069,292,104,09-12-2025,2
2070,257,104,01-04-2025,1
2071,161,107,13-12-2023,3
2072,229,102,29-04-2025,1
2073,992,107,26-11-2025,1
2074,403,102,30-03-2025,1
2075,1052,101,02-08-2025,2
2076,244,105,28-11-2024,1
2077,136,105,25-05-2025,3
2078,22,102,23-06-2025,1
2079,421,104,02-07-2024,1
2080,720,101,18-02-2024,1
2081,299,105,15-07-2024,3
2082,713,106,30-12-2024,1
2083,1026,104,15-07-2025,3
2084,1168,102,17-03-2025,1
2085,1185,101,15-11-2025,3
2086,445,104,29-12-2024,2
2087,352,101,15-08-2024,3
2088,203,104,16-08-2024,3
2089,973,106,29-02-2024,3
2090,380,108,24-05-2025,3
2091,220,103,06-01-2025,2
2092,778,107,30-11-2024,1
2093,1054,104,01-11-2024,2
2094,232,106,10-10-2024,1
2095,955,102,28-03-2024,3
2096,279,108,10-12-2024,2
2097,591,101,08-09-2024,1
2098,672,108,19-12-2024,1
2099,789,105,05-08-2025,2
2100,639,108,10-08-2025,1
2101,1135,107,22-08-2025,2
2102,877,104,12-02-2024,1
2103,975,106,22-05-2025,1
2104,27,108,25-07-2025,3
2105,216,107,13-07-2024,2
2106,1071,102,21-04-2025,1
2107,294,107,26-10-2025,2
2108,209,103,28-02-2025,1
2109,745,104,24-11-2025,2
2110,411,107,02-08-2024,1
2111,477,107,22-12-2023,3
2112,1023,105,13-07-2024,3
2113,1192,105,15-10-2024,3
2114,820,106,07-12-2025,2
2115,829,108,15-04-2025,3
2116,572,103,22-11-2024,2
2117,222,102,13-08-2024,2
2118,1003,108,18-04-2025,1
2119,276,101,21-03-2024,1
2120,109,102,24-01-2025,2
2121,55,103,13-11-2024,2
2122,670,103,18-12-2023,2
2123,198,102,07-04-2024,3
2124,1065,108,07-01-2024,2
2125,414,105,09-12-2024,3
2126,1020,108,27-01-2025,3
2127,536,106,28-05-2025,3
2128,1120,101,15-12-2024,1
2129,882,102,17-10-2025,2
2130,922,106,25-07-2025,2
2131,907,108,16-07-2024,1
2132,68,103,18-01-2024,3
2133,621,103,14-11-2024,2
2134,883,103,10-05-2025,2
2135,797,108,03-08-2024,1
2136,1166,108,01-03-2025,3
2137,1135,108,03-09-2024,2
2138,1152,103,23-08-2025,3
2139,115,107,19-02-2024,2
2140,1014,107,30-03-2024,3
2141,723,105,03-01-2025,2
2142,126,101,21-03-2025,3
2143,93,103,16-06-2025,2
2144,715,101,30-03-2025,3
2145,699,107,18-09-2024,1
2146,877,106,16-06-2025,2
2147,844,106,26-06-2024,1
2148,501,104,04-08-2024,1
2149,640,102,27-01-2025,3
2150,135,105,25-07-2024,1
2151,692,103,09-03-2025,1
2152,1103,106,02-04-2025,1
2153,944,107,27-01-2025,3
2154,1055,107,24-04-2024,2
2155,42,108,09-04-2024,3
2156,46,106,28-12-2023,2
2157,1169,107,23-03-2025,2
2158,1173,102,17-12-2024,2
2159,205,104,24-01-2025,2
2160,1018,106,21-04-2024,1
2161,614,106,13-12-2024,2
2162,414,108,03-09-2024,3
2163,155,104,03-05-2024,2
2164,544,101,17-11-2024,2
2165,1175,107,10-11-2025,1
2166,189,102,24-03-2025,3
2167,690,105,03-02-2025,1
2168,1161,108,23-04-2024,2
2169,430,106,10-05-2024,1
2170,619,105,20-02-2025,2
2171,1106,106,08-09-2024,1
2172,849,107,20-04-2024,2
2173,1056,108,11-07-2025,3
2174,1122,103,25-10-2025,1
2175,1058,103,08-01-2025,3
2176,1023,104,23-12-2024,3
2177,958,105,29-09-2024,3
2178,1092,107,06-08-2025,3
2179,123,104,02-10-2024,2
2180,948,103,16-03-2025,1
2181,309,105,09-06-2024,2
2182,841,106,15-07-2024,1
2183,417,107,01-02-2025,2
2184,588,103,12-03-2024,2
2185,484,107,26-07-2024,1
2186,233,103,30-12-2024,1
2187,57,104,24-12-2023,2
2188,951,108,13-02-2025,3
2189,894,107,30-10-2025,3
2190,76,104,17-04-2025,1
2191,559,103,07-11-2025,1
2192,530,105,31-08-2025,3
2193,1128,103,04-08-2024,3
2194,87,108,08-09-2025,1
2195,114,102,17-07-2025,2
2196,611,102,06-07-2024,2
2197,745,102,17-01-2024,2
2198,288,104,15-09-2024,1
2199,1170,102,04-03-2024,3
2200,1189,105,23-12-2023,2
2201,185,104,28-06-2024,3
2202,251,106,29-08-2024,2
2203,1197,107,10-11-2025,3
2204,484,107,01-05-2025,1
2205,296,102,03-10-2024,1
2206,439,105,28-07-2024,2
2207,837,105,17-09-2025,3
2208,115,108,14-04-2024,3
2209,768,102,07-05-2025,2
2210,1118,107,17-07-2025,2
2211,505,105,13-07-2024,1
2212,744,108,24-07-2025,3
2213,754,105,03-08-2024,1
2214,72,101,17-08-2025,3
2215,491,105,02-11-2025,3
2216,788,105,21-10-2025,3
2217,744,102,27-07-2024,3
2218,485,108,23-06-2025,2
2219,17,107,21-12-2023,2
2220,617,102,13-01-2025,1
2221,610,104,08-12-2024,1
2222,899,106,23-09-2024,3
2223,833,101,03-02-2025,2
2224,165,108,17-10-2025,2
2225,846,106,10-08-2024,3
2226,866,102,12-08-2024,1
2227,535,102,11-10-2024,2
2228,862,106,28-05-2024,2
2229,57,101,29-08-2025,3
2230,377,108,07-06-2024,3
2231,279,101,03-12-2025,2
2232,410,105,19-09-2024,2
2233,1180,102,09-02-2024,1
2234,324,104,24-06-2024,3
2235,267,107,16-11-2025,2
2236,925,108,25-06-2025,3
2237,274,105,15-02-2025,1
2238,671,105,07-07-2025,1
2239,173,107,23-12-2023,2
2240,373,107,04-10-2024,2
2241,1169,104,29-03-2025,1
2242,48,104,17-12-2023,1
2243,948,104,08-06-2024,2
2244,346,101,10-06-2024,2
2245,879,105,15-12-2023,1
2246,183,106,01-12-2025,1
2247,1162,102,30-01-2025,1
2248,1077,107,23-07-2024,2
2249,1013,102,17-06-2024,1
2250,417,104,11-08-2024,2
2251,590,108,05-06-2025,2
2252,267,107,17-04-2024,1
2253,442,105,03-04-2025,3
2254,388,107,21-03-2025,1
2255,837,103,05-04-2025,1
2256,595,105,19-02-2024,1
2257,924,104,14-10-2024,2
2258,1194,108,13-04-2024,1
2259,22,108,04-11-2025,1
2260,663,107,06-02-2024,3
2261,435,107,08-09-2025,3
2262,867,105,21-06-2025,1
2263,196,101,24-03-2025,1
2264,682,104,16-07-2025,2
2265,726,101,23-03-2024,1
2266,520,107,21-02-2024,2
2267,809,106,03-10-2024,1
2268,1146,101,18-11-2025,3
2269,368,105,13-05-2025,1
2270,1032,108,19-11-2024,2
2271,959,103,08-04-2025,1
2272,650,107,26-12-2024,1
2273,534,102,28-05-2024,2
2274,91,103,12-01-2025,2
2275,576,106,10-06-2025,2
2276,580,105,04-07-2025,3
2277,541,106,01-12-2024,2
2278,338,106,31-12-2024,3
2279,1007,103,11-02-2024,3
2280,902,101,08-06-2025,1
2281,305,101,24-06-2024,1
2282,376,101,05-11-2025,2
2283,533,103,02-03-2025,3
2284,957,107,04-10-2025,1
2285,1014,101,05-05-2024,2
2286,731,108,22-08-2024,2
2287,1010,102,05-01-2024,3
2288,304,102,29-03-2025,2
2289,192,104,30-06-2025,2
2290,370,103,23-11-2024,3
2291,1042,105,28-04-2024,3
2292,1200,104,11-04-2024,3
2293,9,103,18-01-2024,2
2294,158,104,12-02-2024,2
2295,194,106,25-12-2023,1
2296,583,102,07-07-2025,2
2297,766,102,06-06-2024,2
2298,315,101,28-07-2025,1
2299,943,108,15-06-2024,2
2300,552,101,22-11-2025,2
2301,90,108,13-03-2024,2
2302,1166,103,17-06-2025,1
2303,100,105,12-04-2025,2
2304,114,102,03-10-2025,3
2305,782,102,26-07-2024,2
2306,523,103,22-03-2024,1
2307,817,102,06-06-2024,1
2308,427,103,03-01-2025,2
2309,825,105,31-01-2025,3
2310,316,102,14-04-2024,2
2311,1006,107,09-03-2024,3
2312,636,103,12-12-2024,2
2313,197,106,27-01-2025,3
2314,410,108,08-08-2025,2
2315,795,108,14-10-2024,2
2316,1154,107,11-11-2025,1
2317,866,106,03-07-2025,3
2318,382,107,15-06-2025,3
2319,873,102,17-01-2024,1
2320,1052,106,31-12-2024,2
2321,460,103,03-09-2025,2
2322,1080,102,16-03-2024,2
2323,959,107,21-05-2024,1
2324,979,105,03-01-2025,1
2325,262,105,21-03-2025,1
2326,1072,107,29-02-2024,2
2327,1165,101,04-04-2024,3
2328,157,101,22-10-2024,3
2329,221,107,04-08-2025,2
2330,194,108,06-06-2024,3
2331,1165,105,31-03-2024,2
2332,522,102,21-11-2024,3
2333,34,102,16-11-2025,3
2334,948,103,26-07-2024,1
2335,805,101,16-09-2024,1
2336,853,105,11-04-2025,2
2337,932,108,13-04-2025,3
2338,543,106,11-03-2025,1
2339,433,103,03-10-2024,1
2340,532,102,03-02-2024,2
2341,1095,101,10-08-2024,1
2342,809,102,19-04-2024,1
2343,352,108,05-02-2025,2
2344,830,108,23-11-2025,2
2345,739,107,04-03-2024,2
2346,180,103,23-02-2024,1
2347,29,104,08-10-2024,1
2348,33,104,27-06-2024,1
2349,429,108,05-07-2024,3
2350,298,104,12-01-2024,2
2351,1104,104,02-02-2024,1
2352,617,108,10-12-2023,1
2353,971,107,14-06-2025,1
2354,239,103,26-01-2025,1
2355,912,108,11-07-2024,2
2356,41,108,26-10-2024,3
2357,497,104,17-08-2024,2
2358,1167,107,08-06-2025,1
2359,684,101,13-08-2024,1
2360,885,107,21-04-2024,2
2361,1186,105,06-09-2025,1
2362,999,107,16-12-2024,2
2363,1052,108,15-12-2023,1
2364,125,101,02-07-2024,2
2365,1181,106,15-12-2023,3
2366,131,105,16-02-2024,3
2367,855,108,04-07-2025,1
2368,1014,106,25-01-2025,2
2369,894,101,08-05-2024,1
2370,590,104,08-11-2025,2
2371,705,108,17-03-2024,1
2372,1040,104,25-10-2025,3
2373,695,108,06-05-2025,1
2374,601,107,15-09-2025,2
2375,738,108,05-01-2024,1
2376,425,105,29-07-2024,3
2377,177,108,18-10-2025,1
2378,355,104,11-10-2024,1
2379,1008,102,13-01-2025,2
2380,1012,105,28-02-2025,1
2381,429,101,22-04-2025,1
2382,735,105,27-12-2024,2
2383,325,103,25-10-2024,3
2384,66,102,05-02-2025,2
2385,882,102,16-08-2025,3
2386,465,102,28-07-2024,3
2387,459,108,12-07-2024,2
2388,697,106,30-12-2023,1
2389,1141,105,07-11-2025,1
2390,1056,102,30-06-2025,3
2391,104,108,30-01-2025,2
2392,228,102,02-10-2024,3
2393,209,101,01-02-2024,3
2394,216,103,22-09-2024,3
2395,242,104,08-08-2025,2
2396,322,105,30-06-2024,3
2397,905,108,20-05-2024,3
2398,204,103,29-05-2025,3
2399,745,106,10-06-2024,1
2400,252,104,17-07-2024,2
2401,852,101,19-10-2025,1
2402,971,106,20-11-2025,2
2403,1035,103,02-08-2024,1
2404,545,106,26-07-2025,3
2405,850,106,25-01-2025,3
2406,503,103,26-07-2024,3
2407,864,104,06-02-2025,1
2408,879,107,10-05-2024,2
2409,940,106,05-09-2025,1
2410,907,103,04-09-2025,1
2411,1060,102,10-08-2024,1
2412,693,106,13-05-2024,2
2413,337,107,10-11-2024,1
2414,806,101,11-11-2025,3
2415,310,101,03-10-2025,3
2416,1065,105,22-09-2025,2
2417,824,105,05-03-2025,3
2418,643,106,13-04-2024,1
2419,573,103,29-06-2025,3
2420,828,108,04-05-2025,3
2421,421,108,23-08-2025,3
2422,708,107,08-09-2024,1
2423,618,102,27-07-2024,1
2424,1101,106,06-12-2025,2
2425,259,105,24-08-2024,1
2426,191,105,31-12-2024,3
2427,698,103,28-03-2025,1
2428,58,105,04-06-2025,1
2429,623,107,26-02-2025,3
2430,227,101,30-01-2024,2
2431,532,106,08-06-2025,1
2432,98,102,01-12-2024,2
2433,611,101,10-11-2025,2
2434,695,104,14-09-2025,3
2435,1192,104,12-01-2024,2
2436,613,105,28-06-2024,3
2437,1174,103,15-11-2024,3
2438,774,104,11-02-2025,1
2439,672,104,05-12-2025,2
2440,931,102,17-04-2024,1
2441,872,107,02-09-2024,1
2442,189,101,15-09-2025,2
2443,267,108,09-07-2024,1
2444,914,102,29-03-2024,2
2445,1078,107,01-11-2024,3
2446,1145,107,22-02-2025,2
2447,1197,108,15-04-2024,3
2448,868,108,10-09-2024,3
2449,1003,107,21-08-2025,1
2450,296,103,17-05-2025,2
2451,938,103,01-10-2025,3
2452,1052,102,07-12-2024,3
2453,436,108,13-04-2024,2
2454,67,103,24-09-2025,3
2455,757,102,05-01-2025,3
2456,837,102,04-02-2025,1
2457,757,105,20-01-2025,1
2458,1071,103,28-11-2024,1
2459,761,105,03-10-2024,2
2460,622,105,09-05-2025,2
2461,58,103,31-10-2025,1
2462,864,101,28-12-2023,2
2463,581,104,08-11-2025,1
2464,1002,101,18-06-2025,1
2465,1122,106,01-06-2025,1
2466,92,107,23-01-2025,2
2467,1174,105,17-02-2024,3
2468,927,106,29-01-2025,2
2469,974,103,06-12-2024,1
2470,1034,108,08-01-2024,2
2471,920,103,20-12-2024,3
2472,667,102,05-02-2024,3
2473,839,107,09-05-2025,1
2474,810,106,15-01-2025,3
2475,94,108,15-09-2024,3
2476,569,102,15-03-2024,1
2477,51,105,01-12-2024,3
2478,254,102,24-10-2024,1
2479,1110,101,17-08-2025,3
2480,1069,104,15-08-2025,2
2481,1030,101,27-05-2025,1
2482,1090,103,20-01-2024,1
2483,564,104,09-06-2024,1
2484,1187,108,28-06-2025,1
2485,1093,106,07-11-2025,2
2486,93,108,29-02-2024,1
2487,697,107,23-04-2024,1
2488,850,101,17-07-2024,3
2489,650,107,11-11-2025,2
2490,187,102,25-03-2025,1
2491,1110,103,29-01-2024,2
2492,295,103,02-07-2025,2
2493,184,103,31-05-2024,2
2494,835,103,10-12-2024,1
2495,667,103,04-11-2025,1
2496,120,105,10-10-2025,2
2497,203,106,09-02-2024,1
2498,846,106,15-01-2025,2
2499,770,102,10-03-2024,1
2500,415,104,26-03-2025,3
2501,485,108,22-04-2025,3
2502,1034,107,25-12-2024,1
2503,552,101,17-07-2024,2
2504,952,107,25-04-2025,1
2505,992,101,18-10-2025,2
2506,479,101,18-08-2024,2
2507,1135,102,29-08-2024,1
2508,1137,103,08-08-2025,2
2509,1164,107,21-12-2024,2
2510,172,104,29-11-2024,1
2511,765,103,01-05-2024,1
2512,1101,107,23-02-2024,3
2513,926,101,08-09-2025,1
2514,952,105,24-06-2024,3
2515,343,101,23-01-2024,1
2516,988,105,22-09-2025,3
2517,514,107,29-07-2025,2
2518,436,105,17-06-2024,1
2519,331,102,15-02-2024,2
2520,184,107,26-07-2024,3
2521,252,103,04-01-2025,3
2522,1140,105,22-10-2024,2
2523,432,106,20-11-2025,3
2524,702,105,13-03-2025,3
2525,928,105,03-12-2024,1
2526,659,106,13-01-2024,1
2527,942,106,27-11-2025,1
2528,274,101,01-08-2025,3
2529,976,101,06-04-2025,1
2530,356,107,05-02-2025,3
2531,1002,107,08-03-2024,3
2532,167,102,27-03-2024,3
2533,64,108,21-01-2025,3
2534,253,106,30-10-2025,2
2535,734,107,10-02-2024,1
2536,18,102,24-07-2024,2
2537,759,104,27-08-2024,2
2538,20,104,25-12-2023,3
2539,41,105,15-07-2025,3
2540,733,104,19-10-2025,1
2541,621,104,30-07-2024,1
2542,1012,106,12-07-2024,1
2543,575,108,22-05-2025,3
2544,429,101,12-10-2024,1
2545,812,102,11-04-2025,2
2546,1166,108,16-09-2025,1
2547,1131,104,05-08-2024,3
2548,1159,103,22-10-2024,1
2549,263,102,27-12-2024,1
2550,532,104,04-06-2025,3
2551,562,104,28-06-2024,3
2552,48,105,21-07-2025,3
2553,1148,108,24-11-2024,1
2554,875,101,12-10-2024,2
2555,886,107,30-11-2025,2
2556,250,108,28-02-2025,2
2557,741,101,30-04-2024,3
2558,460,101,18-07-2024,2
2559,861,108,05-03-2024,2
2560,11,107,25-05-2025,1
2561,686,102,22-02-2025,3
2562,52,104,06-10-2024,3
2563,868,102,12-10-2025,1
2564,404,103,27-07-2025,2
2565,637,102,07-08-2025,3
2566,199,101,23-11-2024,2
2567,885,101,27-08-2024,3
2568,685,105,09-10-2025,1
2569,221,108,07-03-2024,1
2570,698,101,17-11-2025,2
2571,1065,104,17-08-2025,1
2572,899,102,04-02-2025,3
2573,915,102,05-03-2024,1
2574,125,101,15-02-2025,2
2575,642,102,16-04-2024,1
2576,127,108,13-12-2024,1
2577,618,107,02-09-2025,1
2578,209,101,30-05-2025,3
2579,107,105,28-04-2025,2
2580,823,102,19-07-2024,3
2581,842,104,10-04-2024,3
2582,22,108,17-07-2025,2
2583,951,107,29-01-2024,3
2584,208,106,17-08-2024,3
2585,54,108,19-01-2024,3
2586,673,104,13-07-2024,1
2587,211,101,23-12-2024,3
2588,139,104,13-06-2024,3
2589,259,105,20-05-2025,2
2590,863,108,25-09-2024,3
2591,911,103,24-09-2024,1
2592,282,101,21-07-2025,1
2593,262,105,13-12-2023,3
2594,893,106,21-07-2025,2
2595,1196,103,04-07-2024,1
2596,962,105,16-01-2024,3
2597,703,105,26-12-2023,2
2598,17,103,05-01-2025,1
2599,487,101,14-09-2024,2
2600,705,104,02-07-2024,1
2601,413,102,25-08-2025,2
2602,388,108,20-05-2024,3
2603,958,106,11-05-2024,3
2604,1160,106,27-04-2025,3
2605,614,107,27-09-2025,2
2606,333,102,30-12-2024,2
2607,87,108,30-05-2025,1
2608,8,104,29-12-2023,3
2609,472,108,11-09-2024,3
2610,437,104,05-05-2025,2
2611,679,107,21-03-2025,1
2612,820,103,22-02-2024,1
2613,744,101,25-07-2025,1
2614,733,101,10-03-2025,3
2615,236,103,19-02-2024,2
2616,902,104,27-02-2024,3
2617,1200,106,03-12-2024,1
2618,61,104,03-08-2025,1
2619,582,103,25-05-2024,1
2620,537,103,12-02-2024,2
2621,1136,104,15-02-2025,1
2622,402,101,27-01-2024,1
2623,537,102,11-02-2024,1
2624,282,107,20-08-2024,3
2625,228,106,05-12-2024,1
2626,625,108,07-04-2024,1
2627,758,106,09-06-2024,3
2628,351,107,07-02-2025,3
2629,134,102,15-01-2024,1
2630,268,104,11-08-2024,1
2631,1091,107,06-02-2024,3
2632,767,106,20-02-2024,3
2633,880,104,23-11-2025,1
2634,388,105,03-09-2025,1
2635,672,104,29-08-2024,1
2636,574,103,09-02-2025,3
2637,1197,108,05-10-2025,1
2638,167,108,06-08-2025,3
2639,133,103,21-07-2025,3
2640,795,106,07-05-2024,2
2641,1063,108,04-05-2024,1
2642,660,106,23-10-2025,3
2643,990,108,04-04-2025,2
2644,550,107,16-05-2024,3
2645,1196,101,02-06-2024,1
2646,450,104,17-02-2025,2
2647,481,107,25-01-2024,1
2648,627,107,07-06-2024,2
2649,1171,103,06-01-2025,2
2650,522,102,16-08-2024,1
2651,173,105,05-11-2024,2
2652,1063,106,17-11-2025,1
2653,1196,101,29-10-2025,2
2654,1050,106,13-07-2024,2
2655,924,108,26-03-2024,2
2656,838,106,13-03-2025,2
2657,650,105,14-03-2025,2
2658,51,103,02-02-2025,2
2659,479,105,14-05-2024,3
2660,156,106,23-12-2023,1
2661,604,102,26-06-2024,2
2662,467,102,03-11-2025,1
2663,147,106,29-11-2025,1
2664,1119,104,18-09-2024,2
2665,403,106,04-10-2024,2
2666,620,105,28-03-2024,1
2667,283,105,13-06-2025,1
2668,614,105,22-07-2024,2
2669,828,107,25-01-2025,3
2670,25,108,02-11-2024,3
2671,1050,103,15-08-2025,2
2672,467,104,27-11-2024,3
2673,430,108,07-05-2024,1
2674,1057,108,14-10-2025,3
2675,945,106,17-04-2024,1
2676,642,104,25-05-2025,2
2677,856,104,26-08-2024,2
2678,922,101,01-02-2024,2
2679,285,103,12-04-2025,2
2680,20,108,08-12-2024,3
2681,727,106,03-08-2024,1
2682,859,107,05-09-2024,3
2683,827,105,01-12-2024,2
2684,48,101,30-03-2025,1
2685,315,106,18-02-2024,3
2686,1176,107,25-06-2025,2
2687,419,107,18-12-2024,1
2688,1095,107,17-04-2025,1
2689,973,102,25-05-2025,2
2690,1167,108,02-02-2025,3
2691,624,102,01-04-2025,1
2692,214,103,13-07-2024,1
2693,1001,101,10-03-2025,1
2694,408,102,22-01-2024,2
2695,582,104,23-05-2025,1
2696,597,102,12-04-2025,2
2697,118,106,16-06-2024,3
2698,23,103,20-11-2024,2
2699,842,107,28-05-2024,1
2700,227,103,28-11-2024,3
2701,857,108,11-12-2023,3
2702,141,107,09-03-2025,1
2703,267,104,17-04-2024,2
2704,886,108,27-02-2025,1
2705,1178,105,01-03-2024,3
2706,416,108,23-02-2024,2
2707,414,101,29-10-2025,1
2708,913,102,12-12-2023,2
2709,506,106,28-06-2024,3
2710,1006,108,19-11-2024,2
2711,1180,101,09-05-2024,3
2712,187,105,14-02-2024,3
2713,935,106,09-10-2024,3
2714,610,107,13-11-2024,3
2715,359,107,20-01-2024,1
2716,368,107,31-03-2024,2
2717,788,103,12-03-2024,3
2718,1165,102,23-02-2025,2
2719,90,104,29-04-2024,1
2720,561,105,19-01-2024,3
2721,137,104,16-08-2024,2
2722,843,102,08-11-2025,2
2723,157,102,29-01-2024,3
2724,668,107,06-07-2024,2
2725,338,105,09-01-2024,1
2726,1037,101,18-07-2025,2
2727,55,102,09-03-2024,3
2728,946,107,23-01-2025,2
2729,818,104,17-08-2024,2
2730,78,101,05-01-2025,2
2731,235,103,05-08-2024,2
2732,951,108,09-02-2025,2
2733,140,102,25-03-2024,3
2734,497,108,04-02-2025,1
2735,965,105,07-04-2025,1
2736,350,101,03-05-2025,3
2737,206,103,25-04-2024,2
2738,255,107,25-03-2025,1
2739,159,101,30-03-2024,3
2740,560,103,25-06-2024,2
2741,734,103,08-08-2024,1
2742,71,104,21-12-2023,2
2743,98,102,31-03-2025,2
2744,632,108,25-02-2024,1
2745,10,101,17-10-2025,2
2746,414,104,12-05-2025,2
2747,489,104,25-06-2024,1
2748,33,107,28-03-2025,1
2749,30,106,04-05-2024,1
2750,130,104,27-10-2024,1
2751,344,103,30-08-2024,1
2752,852,102,22-05-2024,2
2753,661,104,30-07-2025,3
2754,425,107,12-01-2024,2
2755,248,104,24-06-2025,1
2756,217,106,17-12-2024,2
2757,356,101,08-05-2025,2
2758,648,101,17-11-2025,2
2759,436,108,10-08-2024,1
2760,136,105,03-09-2024,3
2761,756,101,27-07-2025,1
2762,448,107,19-08-2025,2
2763,1024,102,16-12-2024,3
2764,1099,103,28-09-2024,2
2765,195,106,03-03-2025,3
2766,796,103,10-11-2025,2
2767,360,106,06-06-2025,3
2768,988,102,05-02-2024,2
2769,37,108,07-10-2024,2
2770,1047,104,07-09-2025,3
2771,28,104,19-08-2024,1
2772,255,105,26-05-2024,1
2773,878,104,21-09-2024,3
2774,163,101,09-08-2025,1
2775,768,108,07-11-2024,2
2776,414,103,10-09-2024,2
2777,419,101,21-07-2025,1
2778,909,106,21-07-2025,1
2779,570,106,04-12-2024,3
2780,82,107,20-12-2024,3
2781,591,101,24-01-2024,1
2782,679,106,06-01-2025,1
2783,422,101,31-01-2024,3
2784,509,104,06-11-2025,3
2785,782,106,24-06-2025,1
2786,906,101,11-01-2025,1
2787,1007,102,07-12-2024,1
2788,107,103,03-06-2025,1
2789,258,102,17-09-2024,1
2790,1125,104,15-12-2024,1
2791,1040,102,05-07-2024,2
2792,957,105,30-07-2025,1
2793,405,104,03-12-2024,2
2794,362,104,20-06-2025,2
2795,585,108,14-11-2025,3
2796,413,105,06-02-2024,2
2797,164,106,31-03-2024,2
2798,774,103,13-11-2025,2
2799,904,107,15-05-2025,3
2800,888,103,20-04-2024,2
2801,41,107,09-02-2025,2
2802,171,105,25-11-2025,3
2803,1101,103,02-10-2024,3
2804,360,105,05-12-2025,2
2805,950,105,21-10-2024,2
2806,581,107,10-11-2024,3
2807,985,102,16-08-2024,2
2808,280,108,05-01-2025,1
2809,317,104,25-01-2025,1
2810,27,106,09-01-2025,2
2811,829,107,10-08-2025,2
2812,765,107,31-05-2025,2
2813,631,102,07-12-2025,2
2814,80,102,31-12-2024,2
2815,1159,103,08-11-2025,1
2816,894,105,08-08-2024,3
2817,714,108,30-09-2025,3
2818,755,101,26-04-2024,3
2819,790,107,25-08-2024,3
2820,506,104,14-04-2024,2
2821,71,106,11-09-2025,3
2822,58,103,25-07-2024,2
2823,933,103,23-02-2025,2
2824,507,103,09-09-2024,1
2825,240,102,30-12-2023,3
2826,788,107,26-01-2024,3
2827,165,104,12-03-2025,2
2828,340,107,03-10-2024,2
2829,619,107,18-09-2025,3
2830,631,107,02-11-2024,3
2831,183,102,29-05-2025,3
2832,1173,106,07-05-2025,1
2833,551,104,10-10-2025,3
2834,816,105,21-07-2025,1
2835,345,108,24-09-2025,1
2836,199,102,02-01-2025,3
2837,856,107,15-03-2024,3
2838,591,107,20-09-2025,1
2839,362,106,30-03-2024,1
2840,276,104,02-04-2024,2
2841,373,102,24-03-2025,2
2842,1162,104,24-01-2025,1
2843,412,101,15-04-2024,3
2844,375,104,12-03-2025,2
2845,838,108,04-11-2024,3
2846,224,103,29-08-2024,1
2847,601,102,24-12-2023,2
2848,256,105,25-10-2024,1
2849,701,101,26-07-2025,3
2850,481,108,10-07-2024,2
2851,207,101,19-10-2024,1
2852,545,101,09-04-2024,3
2853,1193,101,04-01-2024,1
2854,433,101,09-01-2024,2
2855,1066,105,26-08-2024,2
2856,970,106,08-01-2025,3
2857,880,106,03-11-2024,2
2858,703,106,27-06-2024,1
2859,740,107,05-07-2025,2
2860,118,106,26-11-2025,2
2861,206,101,08-10-2024,2
2862,823,103,16-10-2025,1
2863,252,105,30-10-2024,3
2864,510,106,05-04-2024,2
2865,974,107,13-11-2024,3
2866,385,101,25-08-2025,3
2867,660,101,10-03-2025,3
2868,738,101,12-07-2025,3
2869,667,108,26-03-2024,1
2870,993,107,09-10-2024,3
2871,167,106,14-09-2024,2
2872,976,102,04-01-2025,3
2873,789,105,13-09-2024,3
2874,400,103,25-01-2024,3
2875,1172,101,17-12-2023,1
2876,1020,102,26-11-2024,2
2877,1124,108,06-10-2024,1
2878,914,102,04-06-2025,2
2879,1108,104,21-04-2024,1
2880,434,103,18-10-2024,3
2881,184,102,20-03-2024,2
2882,60,103,15-03-2025,2
2883,786,105,31-05-2024,1
2884,528,108,23-12-2024,3
2885,253,103,23-05-2025,3
2886,1008,102,13-04-2024,3
2887,682,104,07-02-2024,3
2888,133,106,08-08-2024,2
2889,782,107,09-01-2024,1
2890,458,105,25-10-2025,1
2891,596,102,17-03-2024,1
2892,183,106,04-01-2025,3
2893,386,102,18-12-2024,3
2894,754,103,28-02-2025,2
2895,779,101,12-03-2024,2
2896,127,104,17-02-2025,2
2897,868,106,14-09-2025,2
2898,259,104,11-11-2024,1
2899,810,101,30-08-2024,3
2900,944,106,08-09-2024,1
2901,608,104,12-03-2024,2
2902,934,103,13-03-2025,3
2903,581,103,02-09-2025,3
2904,71,106,19-03-2024,2
2905,1029,102,03-03-2024,2
2906,1176,108,30-03-2025,3
2907,442,108,15-02-2025,2
2908,772,101,06-07-2024,2
2909,313,104,14-05-2025,3
2910,461,101,14-04-2024,1
2911,999,107,30-11-2025,2
2912,327,101,04-08-2025,3
2913,804,106,13-01-2024,2
2914,970,106,14-01-2025,2
2915,801,102,23-01-2024,3
2916,580,105,28-08-2025,3
2917,400,107,03-07-2024,1
2918,269,106,23-05-2024,3
2919,111,105,25-08-2024,2
2920,336,103,03-05-2024,2
2921,989,105,17-02-2024,1
2922,430,104,20-08-2025,3
2923,401,101,08-03-2025,2
2924,1179,102,12-12-2023,3
2925,303,107,24-12-2024,2
2926,345,101,04-04-2024,1
2927,729,108,23-07-2024,1
2928,108,102,01-09-2025,3
2929,694,107,11-09-2025,1
2930,828,104,12-04-2025,1
2931,244,104,23-11-2024,2
2932,1001,105,28-05-2025,3
2933,354,107,10-08-2024,3
2934,184,108,13-06-2024,3
2935,783,105,08-01-2025,3
2936,912,106,27-08-2024,1
2937,246,102,22-05-2025,1
2938,250,108,05-06-2025,3
2939,1044,104,06-04-2025,1
2940,1174,108,12-01-2025,2
2941,194,103,18-10-2025,2
2942,992,107,16-11-2024,2
2943,1171,103,27-07-2024,1
2944,667,102,05-05-2025,3
2945,1101,103,26-07-2024,2
2946,41,107,31-12-2024,3
2947,1099,108,04-03-2025,1
2948,1063,102,24-11-2025,1
2949,241,103,29-12-2023,3
2950,369,101,19-04-2025,3
2951,916,106,24-10-2025,1
2952,81,103,06-11-2025,3
2953,423,103,13-12-2023,1
2954,1152,105,15-10-2024,1
2955,174,102,14-08-2025,3
2956,612,106,15-04-2024,3
2957,352,107,21-03-2025,3
2958,1,104,25-07-2025,2
2959,95,105,03-08-2025,3
2960,1094,108,26-07-2024,1
2961,1182,108,19-11-2025,3
2962,641,106,24-12-2024,3
2963,1103,104,15-06-2024,3
2964,203,101,17-09-2025,1
2965,76,104,14-07-2025,1
2966,614,104,30-05-2024,1
2967,1131,104,06-10-2024,3
2968,736,105,28-06-2024,1
2969,865,102,05-08-2024,3
2970,523,105,01-08-2024,2
2971,335,107,18-06-2025,2
2972,171,105,19-01-2024,3
2973,872,103,20-07-2025,3
2974,418,102,28-10-2025,3
2975,552,104,28-10-2025,3
2976,763,103,31-12-2023,2
2977,315,106,26-06-2024,2
2978,777,101,15-11-2024,3
2979,507,102,01-10-2025,2
2980,256,102,26-10-2024,3
2981,1124,107,04-08-2024,1
2982,675,102,16-01-2025,2
2983,684,105,11-05-2024,1
2984,463,105,04-01-2025,1
2985,201,107,22-11-2025,1
2986,776,102,20-11-2025,1
2987,360,105,27-09-2024,3
2988,1003,102,18-10-2024,3
2989,715,105,14-01-2024,3
2990,556,102,02-06-2025,1
2991,350,106,18-10-2025,2
2992,371,106,15-11-2025,3
2993,1089,107,03-07-2025,2
2994,262,105,09-08-2024,1
2995,1052,103,21-07-2024,3
2996,259,103,29-12-2024,2
2997,1163,105,19-11-2024,1
2998,759,104,27-07-2024,3
2999,857,108,04-08-2024,1
3000,899,106,20-12-2023,2
