item_id,order_id,product_id,quantity
1,10535,145,3
2,10210,127,3
3,12094,226,1
4,11564,427,1
5,10026,71,3
6,10175,273,1
7,11540,187,3
8,11335,3,3
9,10322,285,3
10,11603,22,4
11,11159,166,2
12,10055,310,1
13,11567,363,1
14,11610,477,3
15,11873,498,4
16,12716,434,4
17,12195,246,1
18,11509,234,3
19,12647,325,1
20,12068,158,3
21,10333,151,3
22,11579,213,2
23,10907,376,3
24,12992,218,2
25,10911,246,1
26,10401,303,1
27,10950,405,4
28,11330,276,2
29,12076,151,1
30,12515,196,2
31,11911,405,1
32,10101,21,2
33,10551,257,2
34,12850,399,3
35,12401,17,1
36,11706,51,4
37,12344,447,3
38,10353,270,4
39,12956,315,2
40,11019,83,3
41,11180,306,2
42,11098,124,1
43,12503,290,1
44,12760,262,4
45,10980,365,1
46,11356,49,4
47,10739,6,2
48,10977,117,3
49,11372,118,1
50,12281,453,2
51,11802,263,3
52,12150,353,2
53,10953,461,4
54,10481,435,2
55,11238,374,4
56,10108,129,4
57,10973,397,1
58,11627,171,4
59,10704,27,4
60,12383,199,2
61,12134,372,4
62,12782,387,4
63,10875,314,2
64,11448,345,3
65,12412,97,1
66,12108,488,2
67,11274,17,4
68,10560,173,2
69,10117,462,3
70,10874,101,2
71,12963,186,2
72,10968,184,2
73,11569,438,2
74,10044,215,4
75,10509,251,2
76,12012,216,3
77,11189,29,2
78,11316,102,2
79,10849,123,4
80,11880,54,4
81,10917,283,2
82,12946,102,4
83,10799,117,4
84,10876,104,2
85,11761,45,4
86,12334,114,1
87,12732,343,1
88,10819,31,1
89,12169,164,4
90,10945,465,1
91,10907,189,3
92,10013,293,1
93,10603,195,3
94,10200,292,4
95,12634,375,1
96,11792,261,3
97,10448,430,4
98,11812,207,1
99,10841,52,2
100,10590,49,1
101,11154,6,1
102,12937,379,1
103,12091,394,2
104,10520,374,3
105,11037,224,3
106,10725,23,2
107,12671,496,1
108,10988,145,1
109,10803,110,1
110,12583,212,3
111,12350,300,3
112,10527,41,2
113,11666,399,4
114,11139,172,2
115,10460,494,3
116,12880,186,1
117,12553,214,1
118,10932,306,1
119,11987,52,1
120,10325,70,4
121,10579,196,2
122,12809,447,2
123,12899,442,3
124,11538,151,2
125,12550,428,4
126,12001,109,4
127,12382,467,4
128,12332,118,1
129,10475,365,3
130,11078,95,4
131,11482,256,2
132,11603,44,2
133,11444,436,2
134,10632,67,4
135,10703,156,4
136,12457,323,2
137,10982,206,4
138,11328,274,2
139,11959,155,1
140,10559,179,4
141,10222,60,1
142,11557,74,1
143,12206,49,4
144,10348,271,2
145,11183,467,3
146,10889,73,1
147,10922,196,4
148,11259,399,1
149,12710,179,2
150,10405,48,4
151,11281,72,3
152,10677,113,4
153,10589,245,1
154,11621,385,4
155,12606,391,4
156,12953,309,1
157,12527,159,3
158,12535,274,2
159,11595,268,4
160,10566,304,3
161,12572,30,2
162,10704,97,1
163,12869,251,3
164,10858,495,3
165,11285,7,4
166,10585,92,1
167,12734,113,4
168,10232,259,1
169,12318,107,2
170,12988,63,4
171,12922,390,1
172,11246,479,1
173,10052,358,3
174,12164,271,4
175,10538,199,4
176,10541,427,2
177,11043,478,1
178,10815,347,3
179,11416,337,1
180,12839,146,1
181,11653,406,1
182,12666,61,4
183,10419,120,1
184,12357,61,2
185,10864,309,3
186,10186,26,3
187,10261,115,1
188,11552,475,3
189,11297,40,1
190,12208,344,4
191,12918,116,3
192,10762,136,4
193,10224,277,4
194,11280,477,2
195,10180,299,2
196,12068,21,3
197,11648,387,1
198,10632,31,1
199,11537,247,1
200,12106,411,1
201,12771,494,2
202,11964,27,1
203,10615,73,1
204,10562,441,4
205,12422,97,1
206,10622,161,1
207,12136,346,2
208,11014,476,3
209,12062,300,4
210,12181,299,4
211,11961,287,3
212,11058,373,4
213,12940,449,1
214,10592,212,1
215,10583,76,3
216,11614,401,2
217,11102,143,2
218,10289,34,4
219,11569,498,2
220,12927,336,2
221,11444,4,2
222,10007,328,2
223,11184,98,2
224,10240,366,2
225,11987,217,2
226,11447,463,4
227,12584,28,1
228,11750,201,2
229,12118,386,1
230,11904,273,3
231,12264,314,1
232,11078,127,3
233,12854,202,4
234,12378,9,1
235,10848,287,3
236,11312,450,1
237,12093,88,4
238,12877,318,1
239,12246,19,3
240,11240,81,2
241,11505,107,2
242,11333,497,2
243,12944,458,4
244,12380,498,2
245,10696,311,4
246,10027,412,2
247,12366,230,4
248,12413,112,4
249,10960,220,1
250,11527,123,2
251,11869,498,1
252,10373,244,3
253,11950,178,2
254,10245,65,2
255,11841,380,2
256,11677,3,2
257,12526,207,1
258,10125,436,1
259,10537,394,4
260,12754,21,1
261,11920,293,4
262,11636,15,3
263,11426,343,1
264,11541,206,4
265,10531,463,2
266,12834,202,3
267,10254,120,4
268,12169,137,3
269,10661,300,2
270,11802,295,2
271,11061,389,4
272,11366,25,4
273,11037,312,2
274,11207,234,4
275,12136,121,2
276,12094,90,1
277,11143,320,4
278,12981,200,3
279,11555,470,2
280,11756,180,1
281,11966,345,4
282,10745,368,2
283,11630,76,1
284,10967,137,4
285,10763,138,2
286,12810,496,2
287,10794,10,2
288,10744,201,4
289,11070,318,1
290,11532,346,2
291,10558,483,1
292,11995,219,1
293,10526,60,3
294,12645,479,1
295,10840,147,1
296,10003,107,1
297,11052,38,1
298,11405,134,1
299,10157,399,4
300,12903,221,3
301,11938,303,2
302,11955,429,3
303,10511,133,3
304,10687,334,2
305,11138,53,1
306,11413,450,2
307,11511,62,1
308,10571,23,2
309,10715,44,4
310,11339,308,3
311,12287,46,1
312,12351,147,3
313,12655,216,1
314,10991,340,2
315,10334,47,2
316,12161,347,2
317,11645,308,4
318,10362,24,2
319,11881,145,2
320,12849,89,4
321,12145,174,3
322,11982,64,3
323,12064,119,1
324,12604,223,3
325,11978,156,1
326,10376,178,1
327,10742,320,3
328,10390,412,3
329,12668,342,4
330,11241,56,1
331,10824,59,3
332,12368,389,3
333,12244,438,4
334,10418,428,3
335,10607,426,2
336,10568,456,2
337,10544,381,1
338,12279,486,4
339,10884,220,3
340,12569,185,1
341,10703,47,3
342,11224,460,2
343,12894,377,3
344,12721,409,3
345,11623,102,3
346,12069,44,2
347,12636,15,2
348,12946,236,4
349,11787,361,2
350,11620,51,1
351,11458,309,3
352,12419,34,2
353,11584,124,1
354,11915,493,2
355,10078,77,3
356,11309,392,1
357,10648,123,2
358,12188,205,2
359,10553,228,1
360,10998,70,4
361,10282,230,1
362,11282,480,1
363,11847,21,1
364,11384,108,1
365,12488,364,2
366,12318,241,1
367,11158,251,1
368,12794,135,3
369,10104,90,2
370,10766,79,3
371,12143,440,2
372,12777,177,4
373,11597,298,4
374,10480,407,2
375,12828,308,4
376,12061,102,4
377,11964,361,2
378,12649,335,1
379,12143,112,3
380,12341,181,2
381,12073,104,2
382,11296,16,2
383,11529,96,3
384,11190,293,2
385,10939,146,3
386,10762,404,3
387,10654,302,4
388,11670,2,1
389,12686,119,4
390,12539,343,2
391,11932,94,2
392,11127,191,3
393,11926,3,4
394,10575,430,3
395,12342,487,4
396,12944,111,4
397,11330,177,4
398,11278,257,4
399,11204,361,4
400,10040,22,1
401,12824,477,2
402,10520,398,4
403,11640,496,4
404,12594,220,3
405,12284,469,2
406,10463,173,2
407,11252,224,2
408,11849,390,4
409,10483,65,3
410,12478,277,2
411,10343,249,3
412,11197,260,1
413,11463,131,1
414,11203,113,3
415,11622,286,4
416,12181,287,2
417,12399,418,1
418,12554,211,1
419,12132,20,3
420,10993,215,4
421,12878,310,3
422,12909,251,3
423,12391,488,3
424,12914,382,3
425,11190,409,3
426,12341,271,4
427,11604,422,3
428,11194,407,4
429,10598,180,2
430,10645,194,2
431,10448,441,2
432,12738,313,2
433,12903,79,1
434,12550,180,4
435,10764,492,2
436,10735,163,1
437,11643,202,4
438,12298,14,1
439,10601,347,1
440,12173,246,3
441,12161,14,1
442,10981,99,1
443,11783,33,4
444,12198,436,1
445,12923,257,3
446,12391,34,2
447,10580,19,2
448,10783,152,4
449,12369,490,4
450,12870,260,1
451,10532,164,4
452,11513,77,1
453,12540,314,4
454,10612,416,2
455,12300,137,2
456,12006,359,2
457,11101,208,2
458,11671,242,1
459,11416,67,1
460,11436,116,1
461,12221,404,2
462,10875,202,3
463,12249,376,2
464,10217,250,2
465,10376,446,3
466,11610,442,3
467,10011,278,4
468,12940,112,2
469,11614,451,3
470,12483,331,4
471,10818,473,3
472,11297,234,3
473,12979,176,4
474,10691,392,2
475,11600,457,4
476,11533,143,2
477,11156,32,3
478,12903,181,4
479,11948,67,1
480,10784,4,3
481,12367,286,4
482,12892,269,3
483,11973,236,4
484,11877,277,2
485,12669,41,1
486,10785,121,3
487,10397,494,1
488,11082,275,2
489,11504,231,4
490,12034,304,1
491,11615,86,4
492,10460,63,2
493,12109,404,3
494,12417,192,2
495,12767,293,1
496,10546,31,1
497,12544,330,1
498,10497,146,4
499,10505,107,3
500,11093,359,1
501,12209,110,1
502,11638,276,1
503,10718,210,2
504,11593,139,1
505,11409,86,2
506,10269,44,1
507,11947,82,2
508,11478,64,4
509,12747,378,4
510,11542,418,2
511,10865,343,3
512,12398,321,3
513,10110,55,2
514,12455,74,4
515,10650,373,2
516,12099,129,3
517,11500,256,2
518,11111,422,4
519,10596,231,3
520,10979,497,3
521,10731,137,1
522,10057,351,1
523,12786,455,3
524,12244,401,3
525,11784,355,2
526,11702,112,4
527,11287,485,3
528,10112,308,4
529,12813,146,3
530,10711,447,4
531,11202,33,1
532,10948,260,3
533,10026,87,2
534,12458,331,4
535,10758,436,3
536,12579,265,1
537,11801,320,1
538,11556,30,1
539,12797,392,1
540,11842,232,3
541,12294,389,2
542,11105,76,4
543,10662,447,2
544,10909,129,4
545,12444,271,2
546,10522,89,3
547,11857,466,3
548,11760,422,4
549,12974,170,3
550,12312,128,4
551,10790,174,2
552,11298,437,3
553,11730,26,3
554,10172,61,4
555,10265,488,4
556,11987,379,4
557,11050,67,4
558,11493,438,1
559,11886,406,4
560,10476,26,1
561,12404,83,2
562,11050,492,4
563,10034,364,1
564,12312,367,1
565,11162,60,1
566,10816,39,3
567,12923,123,1
568,10754,292,4
569,10566,277,4
570,10462,425,4
571,11655,374,1
572,12703,304,1
573,10081,282,3
574,12805,191,2
575,11938,461,3
576,10870,292,4
577,11431,152,4
578,11070,384,4
579,10599,233,3
580,11635,474,4
581,10807,405,4
582,11935,146,4
583,11077,271,1
584,10704,335,2
585,12524,134,1
586,12640,171,1
587,12064,415,2
588,10487,28,2
589,10706,136,3
590,11526,413,2
591,11165,405,3
592,10620,465,3
593,10777,376,1
594,10447,241,4
595,12338,344,1
596,10209,442,1
597,11499,444,2
598,12461,434,2
599,12725,228,3
600,11451,287,3
601,11878,303,3
602,12712,34,2
603,12338,2,3
604,11292,362,3
605,12199,195,2
606,11743,94,4
607,11279,328,1
608,11401,308,2
609,11677,135,3
610,10855,204,1
611,11382,250,2
612,12656,147,1
613,12418,346,1
614,10705,348,4
615,10826,254,3
616,11005,399,2
617,10377,334,3
618,10973,176,4
619,10118,125,4
620,10444,251,2
621,10755,398,2
622,10640,131,4
623,12172,50,2
624,12706,93,1
625,11301,380,1
626,12870,310,4
627,12712,390,3
628,12408,433,2
629,10623,407,2
630,11493,220,1
631,12009,334,2
632,11652,334,3
633,11724,20,2
634,11920,205,2
635,10919,91,1
636,11174,444,2
637,12500,355,4
638,11186,173,4
639,10120,189,3
640,10582,312,3
641,11948,2,3
642,12147,361,3
643,11191,429,1
644,11687,168,2
645,12000,368,1
646,12562,24,3
647,12712,413,2
648,10401,451,4
649,12413,365,1
650,11350,68,2
651,12629,370,4
652,11657,194,4
653,10621,84,3
654,12876,438,4
655,10247,437,4
656,12482,207,3
657,11117,49,2
658,12663,32,2
659,12991,317,3
660,10624,170,1
661,12369,129,3
662,11840,447,2
663,12904,102,1
664,12110,35,3
665,10300,307,2
666,10403,199,2
667,11672,301,2
668,10253,77,4
669,11758,369,4
670,12526,321,1
671,11393,14,1
672,11965,349,1
673,10160,131,4
674,10205,238,1
675,11162,280,2
676,11392,65,2
677,10858,432,1
678,10760,138,1
679,11591,269,4
680,12769,228,2
681,12116,201,3
682,10133,142,3
683,11724,100,4
684,12967,138,4
685,10430,168,4
686,12356,407,2
687,12698,99,1
688,11198,311,1
689,12460,319,4
690,10097,327,2
691,11707,426,3
692,11178,355,4
693,11719,66,2
694,11266,335,4
695,11328,329,2
696,11309,47,2
697,11051,337,4
698,11384,382,1
699,12250,231,4
700,12810,308,1
701,12922,146,1
702,10581,207,3
703,12418,146,2
704,10533,152,4
705,11176,279,2
706,11126,140,3
707,10899,151,1
708,12655,21,4
709,11470,254,2
710,12921,64,3
711,11253,218,1
712,10770,72,1
713,10834,478,2
714,11905,162,1
715,12986,130,3
716,12284,69,1
717,12210,415,4
718,10554,225,4
719,12836,246,2
720,11092,68,3
721,11197,454,1
722,11661,471,1
723,10559,493,1
724,10261,403,4
725,12265,384,3
726,11841,107,1
727,11148,109,2
728,10805,328,3
729,11186,103,3
730,12249,141,1
731,12450,65,4
732,10275,134,3
733,10206,199,2
734,11724,368,3
735,10867,155,4
736,10093,79,2
737,11066,436,4
738,12427,382,1
739,11352,482,3
740,12113,250,2
741,10365,377,4
742,10821,87,1
743,11508,304,2
744,12030,241,3
745,11925,88,3
746,12588,463,4
747,11086,483,2
748,12539,324,1
749,11297,172,1
750,12277,357,1
751,11044,17,4
752,10003,223,1
753,11754,294,2
754,10911,394,4
755,10307,310,3
756,12480,498,4
757,10136,219,4
758,11933,234,4
759,12563,390,2
760,12241,248,3
761,11609,390,3
762,11439,52,4
763,10873,15,4
764,11142,324,4
765,10666,441,2
766,10209,112,2
767,10952,184,1
768,11058,360,3
769,10649,7,1
770,11342,51,1
771,12168,314,4
772,10627,241,2
773,10525,245,1
774,11605,448,1
775,11869,365,1
776,10769,367,4
777,12560,410,4
778,12095,186,2
779,10772,287,1
780,10740,450,1
781,10522,92,2
782,11401,106,2
783,12182,13,2
784,10248,146,3
785,11342,478,2
786,12484,119,4
787,11859,203,3
788,10686,141,2
789,10586,115,4
790,12399,152,2
791,10143,57,2
792,10967,382,3
793,12852,157,4
794,10718,440,1
795,10643,310,2
796,12549,133,3
797,10370,163,4
798,11110,275,2
799,10787,183,1
800,12787,77,4
801,11484,325,4
802,10950,44,3
803,11349,206,2
804,10522,38,2
805,12537,318,4
806,11953,22,2
807,12445,73,4
808,12944,241,1
809,10355,424,3
810,10947,154,2
811,12336,237,2
812,11483,381,3
813,11648,5,1
814,10536,221,1
815,11315,310,1
816,12899,86,1
817,12886,177,1
818,12216,259,4
819,10950,220,2
820,10621,38,2
821,10428,142,2
822,11726,431,4
823,12538,398,3
824,12403,235,1
825,12244,203,3
826,10545,329,1
827,12765,294,1
828,10824,448,3
829,12980,495,2
830,11003,172,4
831,10659,125,3
832,12987,326,2
833,12828,65,1
834,12059,281,2
835,12444,272,1
836,10731,244,1
837,11833,15,2
838,10409,226,1
839,12410,465,4
840,10084,131,2
841,12204,195,3
842,10707,293,1
843,11962,209,1
844,12520,439,4
845,12667,381,4
846,11448,113,3
847,10134,244,1
848,10788,166,3
849,12955,191,3
850,10864,257,1
851,10667,327,3
852,10277,218,3
853,11776,495,4
854,10882,359,4
855,12061,275,3
856,12390,52,1
857,12083,374,4
858,12607,158,3
859,11238,363,2
860,12453,55,2
861,12706,14,3
862,10159,269,2
863,11134,340,4
864,12597,90,1
865,11852,27,3
866,10279,89,4
867,12527,393,1
868,10111,41,2
869,12479,304,2
870,10542,268,2
871,11139,138,2
872,10360,6,4
873,12420,242,4
874,11239,162,1
875,11757,180,3
876,10955,297,1
877,12307,467,3
878,12826,6,2
879,12168,386,2
880,10976,271,2
881,10913,401,2
882,11152,272,4
883,10723,156,1
884,12571,85,3
885,11712,200,3
886,10325,10,4
887,11530,138,2
888,11550,242,1
889,11074,394,2
890,11946,201,4
891,11608,156,3
892,12117,408,4
893,10391,275,3
894,12431,225,1
895,10016,68,3
896,10846,184,1
897,10869,195,2
898,10568,42,2
899,12180,396,4
900,12020,402,1
901,12321,151,2
902,11647,84,1
903,12532,134,2
904,12598,309,2
905,10357,354,3
906,11657,298,4
907,12281,450,3
908,10036,30,1
909,12461,9,2
910,11028,475,4
911,12092,170,2
912,12616,290,2
913,12788,168,3
914,10114,344,1
915,11773,497,4
916,12445,145,4
917,11198,413,4
918,11279,228,1
919,10466,306,4
920,11488,76,1
921,10847,223,4
922,10502,177,2
923,10441,457,1
924,12117,189,3
925,10326,467,4
926,11766,302,3
927,10067,46,1
928,10304,382,2
929,10972,17,3
930,10484,66,3
931,10929,360,2
932,11441,261,2
933,10149,123,1
934,12632,231,4
935,12296,438,3
936,11125,125,3
937,12750,112,1
938,10096,272,4
939,10282,81,1
940,12370,246,3
941,10529,347,3
942,12311,391,2
943,11643,500,2
944,10580,392,4
945,11664,328,3
946,12342,215,3
947,11632,352,2
948,12443,235,1
949,12561,367,1
950,12969,82,3
951,10810,294,3
952,12968,310,4
953,10693,76,4
954,10235,15,2
955,10952,220,3
956,11855,230,1
957,11361,434,4
958,11032,440,2
959,11467,479,2
960,11965,372,1
961,10539,265,4
962,10820,264,1
963,11682,110,2
964,10272,403,3
965,11029,307,1
966,11923,200,2
967,11243,226,3
968,11142,185,3
969,10593,452,4
970,11606,31,4
971,10115,102,2
972,12311,259,1
973,11678,99,3
974,11446,339,4
975,10207,299,4
976,12351,285,1
977,10112,266,4
978,11441,140,2
979,11883,302,1
980,10185,286,3
981,11765,350,2
982,10901,466,3
983,10221,216,3
984,11468,32,4
985,11094,457,2
986,12946,303,2
987,12670,88,1
988,12475,63,2
989,12692,410,1
990,12616,387,2
991,12013,279,3
992,12491,459,1
993,10601,74,2
994,11161,306,1
995,10504,420,4
996,12179,124,4
997,10218,269,1
998,12736,382,1
999,12219,285,3
1000,11499,422,2
1001,10612,461,4
1002,11153,121,4
1003,10057,346,2
1004,11205,212,4
1005,10246,389,4
1006,10144,148,1
1007,10368,78,4
1008,11483,365,4
1009,12266,14,4
1010,10616,136,2
1011,11882,304,3
1012,11589,397,1
1013,12490,280,3
1014,12889,79,4
1015,10699,243,4
1016,10876,193,4
1017,11686,470,3
1018,12824,418,2
1019,12810,242,2
1020,10945,51,1
1021,10923,232,3
1022,12983,259,2
1023,11747,384,1
1024,10025,375,4
1025,12854,218,4
1026,11688,206,1
1027,11560,314,2
1028,12812,489,3
1029,11084,381,1
1030,10434,456,2
1031,12927,369,1
1032,11090,311,2
1033,12958,375,4
1034,12613,120,1
1035,11952,80,3
1036,12154,42,1
1037,10096,21,4
1038,10168,10,4
1039,12090,313,2
1040,11903,153,4
1041,12152,312,2
1042,11869,294,4
1043,12568,86,2
1044,11999,113,3
1045,12330,189,2
1046,12995,112,2
1047,11134,175,3
1048,12011,310,2
1049,10749,302,2
1050,11892,452,3
1051,10831,4,4
1052,10049,222,1
1053,10115,450,2
1054,11179,221,4
1055,11673,171,1
1056,12551,318,3
1057,10071,484,2
1058,11360,213,2
1059,10067,253,3
1060,11517,124,2
1061,11674,128,1
1062,11778,213,1
1063,10967,112,3
1064,12229,85,2
1065,11790,4,4
1066,10613,65,2
1067,11887,318,3
1068,11623,346,4
1069,10697,120,1
1070,12651,243,1
1071,12296,386,4
1072,11238,137,4
1073,12407,247,3
1074,10249,441,2
1075,10638,45,1
1076,10950,146,2
1077,11905,368,1
1078,11112,176,2
1079,12711,42,1
1080,10176,297,2
1081,10723,459,3
1082,12474,89,1
1083,10771,218,3
1084,11948,442,1
1085,10703,228,1
1086,12129,298,1
1087,10927,291,2
1088,10138,422,1
1089,12518,67,3
1090,12398,251,2
1091,11150,41,2
1092,11941,99,1
1093,11892,306,4
1094,11879,360,2
1095,11254,342,1
1096,11484,456,3
1097,11369,79,4
1098,10310,301,2
1099,11044,199,4
1100,11671,147,2
1101,11565,488,4
1102,11584,106,4
1103,11501,401,3
1104,12317,193,4
1105,10770,493,3
1106,10016,477,1
1107,10606,122,2
1108,11382,77,3
1109,10813,312,2
1110,11991,112,3
1111,12530,349,2
1112,10895,297,3
1113,11568,170,2
1114,12317,6,1
1115,10414,197,2
1116,10025,98,1
1117,12005,459,1
1118,10316,329,1
1119,10571,230,4
1120,10725,168,2
1121,11850,297,4
1122,11300,265,4
1123,11954,8,2
1124,10389,172,1
1125,12770,442,4
1126,10444,360,4
1127,12745,195,3
1128,10971,269,2
1129,12769,19,4
1130,12416,354,2
1131,11965,352,2
1132,12390,49,4
1133,11829,464,2
1134,10304,356,1
1135,10764,338,4
1136,11974,462,4
1137,10816,158,4
1138,12160,66,3
1139,10878,461,3
1140,12978,347,3
1141,10703,59,3
1142,12894,309,4
1143,10944,308,1
1144,12327,337,2
1145,12430,159,2
1146,12061,271,4
1147,10303,121,1
1148,11580,254,2
1149,10160,404,1
1150,12202,261,4
1151,12802,135,3
1152,12229,274,1
1153,11204,56,2
1154,12425,331,2
1155,12824,96,2
1156,11192,114,3
1157,11174,475,1
1158,12064,474,1
1159,11115,357,2
1160,11144,429,1
1161,11980,28,2
1162,10253,306,1
1163,11433,2,3
1164,12079,212,3
1165,10731,68,4
1166,12337,128,4
1167,10498,333,4
1168,11429,24,1
1169,10548,253,3
1170,10961,368,3
1171,10132,230,3
1172,11348,488,2
1173,10858,176,1
1174,11156,429,1
1175,12033,375,4
1176,10521,221,2
1177,10030,442,2
1178,12675,36,3
1179,12052,2,4
1180,10509,383,1
1181,11261,361,2
1182,11559,274,3
1183,10016,177,1
1184,10997,264,3
1185,11608,186,1
1186,11840,15,3
1187,12017,489,1
1188,11254,401,4
1189,11744,279,1
1190,12311,194,1
1191,11089,198,1
1192,12313,349,3
1193,11362,411,2
1194,10378,421,1
1195,11199,305,1
1196,10476,64,4
1197,11290,290,1
1198,10329,18,4
1199,11840,64,1
1200,11187,362,3
1201,10438,330,2
1202,11391,358,2
1203,11774,251,2
1204,11223,428,3
1205,11524,17,4
1206,12064,443,2
1207,11845,141,3
1208,11320,308,3
1209,10868,444,1
1210,12559,496,4
1211,11812,426,3
1212,10984,475,4
1213,11263,320,2
1214,12629,245,2
1215,11325,450,2
1216,12054,290,1
1217,11019,351,1
1218,11790,87,4
1219,10807,199,4
1220,11894,358,1
1221,11410,448,3
1222,12667,161,4
1223,11319,140,4
1224,11142,493,2
1225,10405,76,4
1226,11787,19,4
1227,10594,393,3
1228,12614,330,4
1229,12800,401,3
1230,10012,50,2
1231,12213,232,1
1232,12926,295,2
1233,11318,425,3
1234,11543,394,3
1235,12126,12,4
1236,10614,335,4
1237,11987,479,1
1238,10869,15,3
1239,10812,28,3
1240,11823,388,2
1241,10767,292,1
1242,10082,375,2
1243,11745,321,4
1244,12257,250,4
1245,10522,492,2
1246,11328,98,4
1247,10994,303,2
1248,12513,337,3
1249,11526,39,3
1250,11470,38,4
1251,12676,300,1
1252,11514,179,3
1253,10781,97,4
1254,11452,380,1
1255,10559,469,4
1256,12139,282,2
1257,12038,238,4
1258,11754,164,2
1259,10860,453,3
1260,11613,97,3
1261,10556,257,4
1262,10156,309,1
1263,12050,262,4
1264,11381,293,4
1265,10825,258,3
1266,11593,249,3
1267,12850,245,4
1268,11082,251,3
1269,11204,123,2
1270,10493,325,4
1271,10669,474,3
1272,10075,169,4
1273,12992,435,3
1274,10371,175,2
1275,10587,269,2
1276,10329,204,4
1277,10590,325,2
1278,11791,66,2
1279,10777,315,3
1280,12023,324,4
1281,12352,59,3
1282,10579,219,3
1283,10221,498,1
1284,11188,373,2
1285,11504,266,3
1286,12423,141,3
1287,11708,236,3
1288,11746,386,2
1289,10188,218,2
1290,11215,15,2
1291,11110,302,4
1292,12522,441,3
1293,10844,138,2
1294,10531,406,3
1295,11071,232,4
1296,10963,89,1
1297,12523,463,4
1298,11170,77,2
1299,12994,136,2
1300,11406,405,4
1301,10517,469,3
1302,11889,406,2
1303,12474,110,2
1304,11492,353,4
1305,11118,301,3
1306,10133,91,4
1307,10314,424,4
1308,10591,370,3
1309,11544,406,3
1310,12207,414,1
1311,12709,190,4
1312,11886,73,3
1313,11627,173,2
1314,10748,35,1
1315,11498,210,4
1316,10801,298,3
1317,12458,133,1
1318,11498,283,1
1319,11380,198,2
1320,10680,446,1
1321,12162,32,4
1322,10897,136,3
1323,11547,248,1
1324,11794,359,1
1325,12113,341,4
1326,10684,146,2
1327,11296,334,2
1328,11686,143,3
1329,11386,234,4
1330,12194,410,2
1331,10943,437,3
1332,11310,44,3
1333,11034,32,2
1334,12787,231,4
1335,12234,28,1
1336,11621,423,2
1337,12883,491,1
1338,10809,160,1
1339,10171,333,4
1340,12261,207,4
1341,11554,18,3
1342,11596,103,4
1343,11624,70,3
1344,10027,119,2
1345,11014,139,1
1346,11092,160,4
1347,12838,232,2
1348,10408,148,3
1349,11133,353,4
1350,10074,424,1
1351,12626,392,2
1352,10680,243,4
1353,11392,35,4
1354,12834,325,2
1355,10849,382,3
1356,10870,355,3
1357,10237,239,4
1358,12775,334,3
1359,12426,149,3
1360,12709,111,2
1361,12878,408,3
1362,10906,17,3
1363,12424,402,2
1364,10619,226,4
1365,12701,140,4
1366,11033,144,2
1367,12244,260,1
1368,12855,217,2
1369,12941,162,1
1370,11314,92,3
1371,12985,174,4
1372,10847,331,1
1373,12866,205,1
1374,11924,415,3
1375,12612,153,4
1376,10634,103,3
1377,12727,202,4
1378,11018,280,4
1379,10008,65,3
1380,11393,117,1
1381,11069,153,2
1382,12392,156,4
1383,11781,164,4
1384,12844,82,2
1385,11643,6,2
1386,11217,322,3
1387,10849,67,4
1388,11381,238,3
1389,10062,72,2
1390,11086,95,3
1391,12470,304,4
1392,11818,467,1
1393,10633,498,1
1394,10792,326,4
1395,12599,78,3
1396,11301,67,2
1397,12654,176,2
1398,11455,321,1
1399,11139,172,3
1400,11712,478,2
1401,10525,255,2
1402,12021,63,4
1403,10899,302,3
1404,12211,403,3
1405,10787,246,2
1406,12958,192,3
1407,11361,467,3
1408,12427,329,3
1409,10173,71,4
1410,11000,366,2
1411,11811,229,1
1412,10064,434,3
1413,11346,63,2
1414,10975,297,1
1415,10066,245,4
1416,11867,7,2
1417,11623,393,4
1418,10458,260,2
1419,11603,89,4
1420,12501,177,2
1421,11958,204,4
1422,11741,134,1
1423,11450,82,2
1424,11960,488,1
1425,12226,21,3
1426,11955,399,1
1427,10280,128,2
1428,12392,195,1
1429,11041,194,2
1430,12344,184,4
1431,12250,247,3
1432,10962,361,1
1433,12732,360,3
1434,11943,324,1
1435,11218,160,2
1436,10375,194,1
1437,11912,110,3
1438,10035,413,1
1439,11393,66,3
1440,12077,418,3
1441,10775,254,2
1442,10221,283,4
1443,12101,60,4
1444,12839,118,1
1445,12124,423,3
1446,10494,44,2
1447,11712,486,4
1448,12165,210,2
1449,10280,36,2
1450,10746,19,3
1451,12997,91,1
1452,12812,301,3
1453,12343,212,4
1454,11475,405,4
1455,11858,407,2
1456,11542,222,3
1457,11097,217,3
1458,12890,223,2
1459,11060,411,1
1460,11923,98,2
1461,12006,456,2
1462,10497,19,4
1463,12254,297,3
1464,12474,26,4
1465,10044,28,2
1466,11852,64,3
1467,12653,324,2
1468,10454,223,2
1469,10595,80,1
1470,11357,51,4
1471,10507,458,4
1472,10794,102,2
1473,10021,176,1
1474,11400,10,2
1475,12668,237,2
1476,12462,457,2
1477,11095,423,1
1478,11428,100,3
1479,11586,499,1
1480,11815,378,2
1481,11421,228,3
1482,10337,403,2
1483,11668,64,1
1484,10910,380,1
1485,10276,19,3
1486,10892,332,1
1487,10013,318,2
1488,11027,141,3
1489,10974,25,4
1490,10175,228,2
1491,11409,89,4
1492,11626,92,3
1493,11944,42,3
1494,12289,373,2
1495,10547,295,1
1496,12062,414,2
1497,11219,389,1
1498,11421,81,1
1499,11455,402,2
1500,12773,107,3
1501,11434,111,2
1502,10003,277,4
1503,12739,214,3
1504,11843,231,1
1505,10747,306,3
1506,12817,121,2
1507,10872,134,3
1508,10495,306,1
1509,12465,208,1
1510,11415,450,3
1511,10628,371,4
1512,11076,257,1
1513,10142,185,4
1514,11488,286,1
1515,10046,442,3
1516,12892,363,1
1517,12058,180,4
1518,10664,421,4
1519,10573,48,3
1520,12030,87,4
1521,11554,385,4
1522,11622,19,3
1523,12697,46,1
1524,10913,451,3
1525,10640,386,1
1526,12664,56,1
1527,12746,229,1
1528,10909,145,2
1529,12226,92,1
1530,10869,82,3
1531,11030,225,3
1532,10853,79,3
1533,10307,150,2
1534,12596,361,4
1535,12375,283,2
1536,11817,311,3
1537,10395,485,3
1538,12348,160,4
1539,10749,316,2
1540,12333,365,3
1541,10330,467,1
1542,12098,156,1
1543,12032,156,3
1544,10773,376,1
1545,11646,202,4
1546,11733,468,3
1547,10378,409,2
1548,11788,341,3
1549,11624,462,4
1550,11000,342,2
1551,11849,117,4
1552,11562,154,1
1553,10774,364,1
1554,11084,331,1
1555,12916,119,4
1556,11804,199,4
1557,11099,401,3
1558,12051,466,2
1559,11599,263,2
1560,10748,184,4
1561,11472,448,4
1562,11765,148,1
1563,12323,166,4
1564,11554,75,1
1565,11616,236,4
1566,12263,314,2
1567,11509,272,3
1568,10329,179,4
1569,12303,283,1
1570,11411,51,3
1571,10126,75,1
1572,10767,144,1
1573,11574,343,3
1574,11228,188,3
1575,11196,123,3
1576,11759,332,4
1577,10217,251,3
1578,11360,296,4
1579,11322,323,2
1580,10832,130,2
1581,10182,252,1
1582,10334,358,1
1583,10511,432,4
1584,10383,180,1
1585,11897,408,2
1586,10332,349,4
1587,11189,495,4
1588,11266,110,3
1589,10900,482,4
1590,10642,468,1
1591,11251,338,2
1592,10634,78,1
1593,12499,466,2
1594,10196,2,3
1595,11894,321,2
1596,10458,276,3
1597,10830,290,1
1598,12305,297,3
1599,12057,169,4
1600,12809,240,4
1601,12997,459,2
1602,11225,475,1
1603,10887,23,1
1604,10393,294,2
1605,11676,172,4
1606,12447,323,3
1607,12379,318,2
1608,12528,396,3
1609,12182,286,3
1610,10916,479,1
1611,10935,343,4
1612,10355,193,3
1613,12632,169,4
1614,11522,404,1
1615,12673,118,2
1616,12338,6,2
1617,12873,331,1
1618,10629,483,1
1619,12680,132,3
1620,11171,93,1
1621,10327,251,2
1622,11439,10,4
1623,12258,51,4
1624,11422,349,4
1625,11127,294,4
1626,12684,129,1
1627,11781,488,1
1628,11532,392,4
1629,11915,249,1
1630,12916,102,3
1631,11233,337,1
1632,11957,83,3
1633,12476,191,3
1634,10393,417,1
1635,10826,143,4
1636,12964,237,3
1637,11913,287,1
1638,12396,277,2
1639,10050,387,4
1640,12964,382,2
1641,11397,450,3
1642,11051,291,2
1643,10800,169,1
1644,11793,443,4
1645,12697,144,3
1646,11364,184,1
1647,12349,45,4
1648,11566,243,3
1649,12214,315,3
1650,12364,434,3
1651,10001,469,3
1652,11020,268,2
1653,11285,476,2
1654,10063,253,2
1655,12531,396,3
1656,11870,289,2
1657,12270,212,4
1658,10152,488,3
1659,10644,177,4
1660,10626,21,4
1661,10217,316,2
1662,10196,52,3
1663,11015,438,2
1664,12695,423,2
1665,12756,233,2
1666,11522,433,3
1667,11579,123,3
1668,11081,362,2
1669,11528,448,4
1670,10722,100,4
1671,11608,214,3
1672,11760,410,1
1673,11563,327,2
1674,10640,135,2
1675,12154,456,1
1676,10165,318,3
1677,10215,218,4
1678,11095,88,3
1679,10090,280,4
1680,11796,40,4
1681,12922,240,3
1682,11252,332,2
1683,11103,431,2
1684,10608,136,2
1685,10349,182,4
1686,12942,265,2
1687,10246,259,4
1688,10272,182,2
1689,12031,21,3
1690,10403,351,1
1691,11466,432,4
1692,11196,431,3
1693,12946,472,4
1694,11080,196,4
1695,11615,212,3
1696,11127,447,2
1697,10284,16,4
1698,10517,202,1
1699,12666,363,1
1700,11302,218,3
1701,10612,93,1
1702,10750,133,3
1703,11293,139,3
1704,11857,157,4
1705,10400,493,3
1706,11527,335,3
1707,12025,70,2
1708,12134,304,4
1709,10320,15,1
1710,11056,235,2
1711,10336,212,2
1712,12099,290,4
1713,10174,60,4
1714,11642,252,2
1715,10501,446,4
1716,12124,2,4
1717,12364,236,3
1718,11857,336,4
1719,11897,19,3
1720,11664,482,2
1721,11719,49,2
1722,11779,78,1
1723,10697,472,4
1724,10732,28,2
1725,11095,48,3
1726,12902,96,2
1727,12714,165,4
1728,10652,458,1
1729,11095,433,1
1730,10046,365,2
1731,11071,176,1
1732,11446,73,4
1733,12197,472,4
1734,12958,356,1
1735,10456,29,3
1736,11663,444,1
1737,12925,157,1
1738,10966,314,2
1739,12021,304,3
1740,10869,279,1
1741,11529,283,2
1742,12977,479,2
1743,11001,491,2
1744,10774,7,4
1745,12292,305,2
1746,12522,182,2
1747,12430,109,4
1748,11127,324,4
1749,12537,206,2
1750,11061,234,1
1751,11678,426,3
1752,11544,458,4
1753,10397,187,3
1754,12344,428,4
1755,10107,482,2
1756,12908,410,4
1757,10954,407,2
1758,12578,329,3
1759,11849,357,1
1760,10934,8,2
1761,10288,53,3
1762,10706,398,3
1763,12044,199,4
1764,11485,391,2
1765,10215,137,3
1766,11305,259,1
1767,12780,334,4
1768,11978,401,4
1769,11483,498,3
1770,11825,172,2
1771,10344,86,4
1772,10194,46,2
1773,10158,346,3
1774,10465,186,3
1775,12152,156,2
1776,12082,493,1
1777,12687,398,4
1778,11750,9,3
1779,12373,115,1
1780,12739,154,1
1781,10592,130,2
1782,12189,331,2
1783,12522,81,2
1784,11055,384,1
1785,10884,290,4
1786,10063,147,2
1787,11111,295,4
1788,10304,466,2
1789,11085,269,1
1790,10396,133,4
1791,10334,50,4
1792,12834,23,1
1793,10411,378,4
1794,12332,376,1
1795,10466,88,1
1796,10080,413,3
1797,12832,112,2
1798,11101,111,3
1799,11978,72,1
1800,10733,154,1
1801,11818,463,4
1802,11564,57,1
1803,11385,257,1
1804,12125,156,1
1805,12557,113,2
1806,11188,318,3
1807,11199,47,3
1808,12510,238,2
1809,11612,334,2
1810,12293,106,2
1811,10122,482,3
1812,10185,187,3
1813,10032,159,1
1814,10998,198,3
1815,11987,382,4
1816,12810,177,3
1817,10569,261,2
1818,12358,287,3
1819,11396,293,1
1820,11680,335,3
1821,10830,143,2
1822,11620,308,4
1823,11080,491,2
1824,10791,197,4
1825,12512,476,1
1826,12726,225,1
1827,12718,395,3
1828,12746,43,1
1829,10994,454,1
1830,10078,151,2
1831,12582,296,2
1832,10108,63,3
1833,11297,130,3
1834,12812,255,3
1835,12063,463,3
1836,10370,343,2
1837,12253,214,3
1838,12005,73,3
1839,11704,431,1
1840,12913,104,3
1841,10441,158,4
1842,12907,272,1
1843,10227,315,2
1844,12576,238,4
1845,12402,303,3
1846,10623,372,1
1847,11025,158,3
1848,11577,109,1
1849,12975,9,3
1850,11644,321,4
1851,11185,59,2
1852,10161,358,4
1853,10871,192,4
1854,11746,136,2
1855,11175,251,1
1856,10444,379,1
1857,11791,436,2
1858,11495,146,3
1859,10463,347,1
1860,10473,466,4
1861,12605,352,2
1862,10080,58,4
1863,11063,177,1
1864,10240,288,2
1865,10557,245,2
1866,10590,48,1
1867,11361,301,1
1868,11885,438,2
1869,11976,356,3
1870,11304,100,2
1871,11140,213,3
1872,12317,302,4
1873,11940,480,3
1874,10335,415,3
1875,10312,165,1
1876,11077,400,2
1877,12742,430,4
1878,10034,126,2
1879,11842,302,3
1880,10386,462,3
1881,10249,121,3
1882,11135,88,2
1883,11434,217,3
1884,11203,61,2
1885,10794,302,4
1886,10852,179,4
1887,12922,190,2
1888,10376,163,4
1889,10724,81,1
1890,11611,494,3
1891,11914,170,3
1892,10202,301,3
1893,12493,374,1
1894,11943,196,3
1895,12345,203,2
1896,11332,47,3
1897,10493,463,2
1898,10338,158,4
1899,11969,408,2
1900,12971,194,2
1901,11866,427,2
1902,10792,418,3
1903,11517,279,1
1904,12023,317,1
1905,12365,479,2
1906,10942,421,3
1907,12674,269,1
1908,12123,481,4
1909,12987,199,4
1910,10059,224,3
1911,12434,263,4
1912,12063,426,4
1913,11255,166,4
1914,12247,180,1
1915,11378,428,4
1916,10035,192,2
1917,10162,397,2
1918,12847,216,4
1919,10895,284,2
1920,10471,352,1
1921,12579,107,3
1922,12840,466,2
1923,12900,98,4
1924,11447,368,3
1925,10348,482,3
1926,10694,499,4
1927,10935,230,2
1928,10913,257,1
1929,10147,43,2
1930,11712,242,2
1931,10675,42,1
1932,11440,95,3
1933,12735,434,1
1934,11518,254,1
1935,11280,188,4
1936,10686,385,4
1937,11127,307,2
1938,10121,400,4
1939,12467,167,1
1940,12398,271,1
1941,10042,125,4
1942,10029,161,4
1943,10966,87,4
1944,11916,309,1
1945,12833,489,3
1946,12001,226,3
1947,12062,145,4
1948,10920,345,2
1949,10818,248,2
1950,12873,362,3
1951,11509,6,4
1952,11213,31,1
1953,10872,197,2
1954,10295,232,2
1955,10864,296,1
1956,12596,414,1
1957,11038,325,4
1958,12683,460,1
1959,10595,135,1
1960,11183,493,1
1961,11518,13,3
1962,11353,497,1
1963,10614,4,2
1964,11873,178,4
1965,11604,234,4
1966,11584,259,4
1967,11593,140,3
1968,11156,65,2
1969,10465,283,1
1970,11480,363,2
1971,12978,306,4
1972,11291,205,1
1973,12847,17,4
1974,12443,200,4
1975,12294,32,4
1976,10568,212,2
1977,10038,435,2
1978,10245,273,4
1979,10021,290,4
1980,11134,291,1
1981,11630,483,4
1982,10394,486,4
1983,11434,234,4
1984,10987,408,4
1985,11672,182,2
1986,12056,146,4
1987,12376,50,3
1988,11911,430,4
1989,10290,432,2
1990,11787,103,3
1991,12559,33,3
1992,10912,497,4
1993,10361,471,4
1994,11623,89,2
1995,12764,485,3
1996,10219,411,3
1997,12454,385,2
1998,12016,341,4
1999,12041,315,1
2000,12045,241,1
2001,12801,266,3
2002,12971,223,3
2003,10832,236,4
2004,11794,153,1
2005,11792,468,3
2006,12842,57,4
2007,11244,322,1
2008,10595,375,2
2009,12155,112,3
2010,10581,15,2
2011,12657,412,1
2012,11748,269,4
2013,12056,114,4
2014,12854,252,1
2015,12237,500,2
2016,10081,374,4
2017,12156,142,3
2018,11345,114,2
2019,11603,450,2
2020,12734,290,3
2021,10346,483,1
2022,11887,357,4
2023,12376,25,2
2024,10555,368,4
2025,10302,310,4
2026,10200,255,2
2027,12941,463,1
2028,11063,268,2
2029,10307,126,1
2030,11657,393,3
2031,11872,250,1
2032,12516,287,1
2033,12227,334,2
2034,12693,477,4
2035,11847,53,4
2036,11765,368,1
2037,10276,43,1
2038,11176,166,2
2039,11402,42,1
2040,12669,380,2
2041,10638,456,3
2042,11776,176,1
2043,10930,67,3
2044,11881,66,1
2045,10183,400,1
2046,11845,83,3
2047,10072,350,3
2048,12767,105,2
2049,11677,400,2
2050,11296,287,3
2051,12774,374,1
2052,12317,186,2
2053,11044,284,1
2054,12626,4,4
2055,10815,138,2
2056,11527,179,2
2057,12195,237,2
2058,12938,18,4
2059,10310,303,3
2060,12566,416,1
2061,12062,414,4
2062,10132,420,3
2063,11878,9,2
2064,12803,420,3
2065,12487,29,3
2066,12791,144,3
2067,10740,348,1
2068,10795,149,3
2069,12311,64,3
2070,12691,367,3
2071,10258,450,3
2072,11258,380,4
2073,12457,187,4
2074,11852,366,3
2075,10975,227,3
2076,11048,118,3
2077,10271,412,2
2078,11119,439,3
2079,10142,356,3
2080,10902,254,4
2081,10274,31,4
2082,12324,161,4
2083,10465,215,1
2084,11232,444,2
2085,11320,169,3
2086,10288,81,4
2087,10876,46,1
2088,11993,49,3
2089,12926,449,3
2090,12228,298,4
2091,11121,407,3
2092,11215,368,3
2093,10447,283,3
2094,12833,473,4
2095,12609,416,1
2096,12532,467,3
2097,12897,88,1
2098,10722,121,3
2099,12164,3,4
2100,12583,316,1
2101,11352,460,4
2102,10407,227,2
2103,11726,79,3
2104,10694,145,2
2105,10495,242,2
2106,10948,32,2
2107,10023,263,3
2108,11129,211,4
2109,11699,71,2
2110,10558,384,1
2111,11617,197,3
2112,10941,58,4
2113,11246,424,4
2114,12903,469,2
2115,12939,112,3
2116,11657,48,2
2117,10078,435,1
2118,11346,185,4
2119,10807,367,4
2120,11042,327,3
2121,10768,165,4
2122,10454,215,3
2123,12976,331,2
2124,12325,330,1
2125,11448,121,3
2126,11500,213,2
2127,11051,311,1
2128,12562,41,4
2129,11889,353,1
2130,12512,404,1
2131,12855,289,1
2132,12872,168,4
2133,10363,483,3
2134,12799,34,3
2135,10525,318,1
2136,11218,484,2
2137,11486,475,2
2138,12104,275,1
2139,11254,427,1
2140,12537,197,2
2141,11856,191,1
2142,10722,221,1
2143,11984,10,3
2144,11208,120,3
2145,11449,123,1
2146,11399,247,1
2147,12089,360,4
2148,11508,397,3
2149,11004,221,1
2150,12308,261,4
2151,12489,58,4
2152,10926,315,4
2153,10856,460,4
2154,10084,128,3
2155,12094,187,4
2156,12488,205,3
2157,11543,86,4
2158,10986,104,4
2159,11869,143,2
2160,10136,205,3
2161,11207,129,2
2162,11733,246,2
2163,11196,38,4
2164,10909,363,3
2165,12909,109,1
2166,12836,309,4
2167,10590,52,3
2168,11952,1,2
2169,10956,11,3
2170,12738,314,4
2171,12587,235,3
2172,11144,128,2
2173,11332,424,3
2174,12756,214,3
2175,11554,483,2
2176,12343,444,4
2177,11807,243,1
2178,12101,44,2
2179,10806,6,2
2180,11456,156,4
2181,10052,415,4
2182,12776,8,3
2183,10072,5,2
2184,10028,362,3
2185,10469,182,3
2186,10764,112,4
2187,12934,492,4
2188,12960,273,3
2189,12595,422,2
2190,11425,265,2
2191,12249,458,3
2192,10820,212,1
2193,11490,78,1
2194,11676,270,4
2195,10560,154,2
2196,10379,221,3
2197,11919,369,3
2198,11076,446,2
2199,10079,347,4
2200,11409,25,4
2201,10834,464,1
2202,11032,420,2
2203,12073,354,2
2204,10450,208,3
2205,12816,417,2
2206,12803,3,1
2207,11993,215,2
2208,11485,395,3
2209,12246,112,1
2210,11743,442,3
2211,11971,192,2
2212,12485,402,4
2213,11551,47,2
2214,10690,489,2
2215,11991,428,3
2216,11402,221,4
2217,10587,187,2
2218,12152,50,1
2219,11830,197,1
2220,11986,216,3
2221,10627,413,3
2222,12032,221,4
2223,12506,380,3
2224,10364,90,4
2225,12183,232,2
2226,10374,323,1
2227,12087,258,1
2228,11988,153,1
2229,12867,256,3
2230,12095,403,3
2231,12084,424,2
2232,12143,258,3
2233,11385,467,4
2234,11549,65,1
2235,11170,190,2
2236,11941,91,4
2237,10368,438,4
2238,10065,173,3
2239,10754,247,3
2240,11544,256,1
2241,12036,116,2
2242,12864,49,4
2243,11877,227,3
2244,11579,489,3
2245,10756,69,2
2246,12229,422,2
2247,11525,388,3
2248,10597,401,3
2249,12835,126,1
2250,12675,437,2
2251,11835,213,4
2252,12664,53,3
2253,11396,112,3
2254,11587,159,3
2255,10112,240,3
2256,10453,150,1
2257,12804,139,2
2258,12632,418,3
2259,12187,113,2
2260,11872,143,4
2261,12279,370,4
2262,11263,138,4
2263,10253,486,4
2264,12005,480,2
2265,11460,437,4
2266,11943,304,4
2267,12609,31,3
2268,11327,293,3
2269,12120,108,3
2270,11858,284,1
2271,12270,159,3
2272,11101,326,4
2273,10062,14,2
2274,11495,122,4
2275,11181,215,2
2276,10806,272,4
2277,12173,25,1
2278,12789,423,3
2279,11876,322,4
2280,12209,294,3
2281,10541,169,1
2282,10626,103,1
2283,11615,354,3
2284,10106,371,3
2285,11155,40,2
2286,11709,235,3
2287,12824,320,3
2288,11909,89,2
2289,12050,100,4
2290,12281,144,2
2291,10369,82,4
2292,11275,77,4
2293,10946,59,4
2294,12228,229,2
2295,10293,91,2
2296,10584,354,1
2297,12843,395,4
2298,12223,1,2
2299,12171,269,1
2300,12275,286,4
2301,12492,197,2
2302,12476,274,2
2303,10765,78,2
2304,12680,141,3
2305,12113,288,1
2306,11305,71,2
2307,11415,456,3
2308,10428,50,1
2309,12666,455,1
2310,12973,372,3
2311,12015,369,1
2312,12860,80,3
2313,10107,235,4
2314,10659,287,2
2315,11183,307,3
2316,12313,155,1
2317,11226,60,1
2318,10155,33,4
2319,10896,437,4
2320,11522,127,4
2321,11621,221,4
2322,10993,200,4
2323,12293,417,2
2324,11324,126,3
2325,11386,41,4
2326,12434,275,4
2327,12807,469,2
2328,12462,297,3
2329,11302,85,4
2330,12763,89,3
2331,10759,42,3
2332,10747,120,2
2333,10593,279,2
2334,11549,459,4
2335,12887,33,1
2336,10016,276,2
2337,10993,153,3
2338,11069,90,3
2339,11345,104,4
2340,12699,436,4
2341,12196,12,4
2342,12403,160,3
2343,10703,417,2
2344,10613,458,1
2345,10105,196,2
2346,11498,399,1
2347,10396,307,2
2348,12654,262,4
2349,12011,91,3
2350,10851,197,1
2351,11989,69,2
2352,10442,466,3
2353,11669,220,1
2354,10873,419,1
2355,10667,379,3
2356,11052,214,4
2357,12842,418,3
2358,12523,447,4
2359,10628,452,2
2360,11429,146,2
2361,12550,233,3
2362,10348,371,4
2363,11264,410,2
2364,11018,234,4
2365,10570,214,4
2366,12743,367,4
2367,12074,481,3
2368,11953,61,4
2369,12265,363,3
2370,11352,78,2
2371,12885,95,2
2372,12822,330,1
2373,10670,499,1
2374,10718,216,2
2375,12358,213,4
2376,12647,304,4
2377,10267,200,2
2378,11439,352,2
2379,12694,31,1
2380,11357,290,4
2381,11023,343,2
2382,12038,473,1
2383,12498,135,1
2384,10565,83,4
2385,11271,391,1
2386,11060,47,1
2387,11425,392,3
2388,10028,206,2
2389,10220,385,4
2390,10406,381,2
2391,11638,77,3
2392,11799,259,4
2393,12319,437,2
2394,11760,92,1
2395,11675,422,4
2396,10792,435,3
2397,10963,399,1
2398,11310,100,3
2399,10834,383,1
2400,10317,195,2
2401,11321,192,2
2402,12386,68,2
2403,11331,389,3
2404,10351,242,4
2405,10511,90,2
2406,12573,345,3
2407,10492,10,1
2408,11932,264,2
2409,11618,268,1
2410,12057,320,2
2411,11521,118,1
2412,11584,250,3
2413,12609,59,2
2414,12488,195,3
2415,11576,475,3
2416,12840,50,1
2417,11762,407,2
2418,11992,296,4
2419,11269,378,4
2420,12081,97,3
2421,11047,462,1
2422,12893,127,1
2423,12614,246,1
2424,10049,87,2
2425,10462,479,2
2426,12638,77,1
2427,10336,377,4
2428,11382,204,4
2429,11146,483,2
2430,10359,146,1
2431,12394,149,4
2432,10193,493,4
2433,11440,111,2
2434,11401,490,2
2435,10756,129,4
2436,11685,253,1
2437,12526,166,4
2438,10828,297,4
2439,10890,426,1
2440,10653,495,2
2441,12456,137,1
2442,12334,279,1
2443,11922,334,1
2444,10851,11,1
2445,10111,71,2
2446,10620,159,4
2447,10793,216,3
2448,12098,26,2
2449,11158,286,1
2450,10588,162,4
2451,12644,430,4
2452,12718,102,1
2453,11310,69,2
2454,11958,133,1
2455,12362,189,4
2456,12654,211,4
2457,10297,243,2
2458,11630,166,3
2459,10569,412,1
2460,11188,410,3
2461,10832,61,4
2462,10610,362,3
2463,10016,279,1
2464,11370,430,1
2465,10072,113,4
2466,10270,30,2
2467,10287,323,2
2468,10066,476,4
2469,10880,161,1
2470,10068,234,2
2471,11217,387,3
2472,11403,453,4
2473,10974,377,3
2474,10508,339,1
2475,12885,170,2
2476,11126,318,1
2477,10886,186,3
2478,12842,57,1
2479,12470,240,1
2480,11988,257,4
2481,10775,358,4
2482,12526,201,1
2483,10926,444,4
2484,10120,325,1
2485,11939,315,3
2486,10488,302,4
2487,12126,106,1
2488,10441,290,4
2489,10462,101,1
2490,10612,97,4
2491,11318,153,2
2492,11660,426,1
2493,10917,29,2
2494,12657,153,1
2495,10006,438,2
2496,10681,379,1
2497,12943,73,4
2498,12319,254,2
2499,11644,451,4
2500,12859,399,1
2501,12607,4,4
2502,10099,237,1
2503,10526,38,4
2504,12242,20,2
2505,11181,113,1
2506,11690,23,4
2507,11139,421,1
2508,10396,446,1
2509,10770,367,1
2510,11827,136,3
2511,11546,421,1
2512,12928,248,4
2513,12793,301,3
2514,10683,97,4
2515,11557,33,3
2516,10015,135,1
2517,12416,255,2
2518,12686,278,2
2519,12901,133,1
2520,11237,238,3
2521,12748,15,4
2522,10005,277,2
2523,12279,126,1
2524,11909,345,1
2525,11426,17,3
2526,11608,312,2
2527,12634,50,1
2528,10169,135,2
2529,12809,118,4
2530,10792,378,1
2531,11000,306,1
2532,10152,60,4
2533,12272,125,1
2534,10504,467,3
2535,11574,116,4
2536,12092,391,3
2537,12745,424,4
2538,10504,173,4
2539,12978,187,3
2540,10843,498,4
2541,10351,88,2
2542,12071,203,3
2543,11660,361,4
2544,10598,311,3
2545,11067,320,4
2546,12514,449,4
2547,10040,182,2
2548,12351,352,2
2549,10175,168,2
2550,10999,181,4
2551,11485,300,2
2552,12669,447,3
2553,11217,130,4
2554,12292,463,3
2555,10836,149,2
2556,12328,472,4
2557,11060,306,3
2558,12605,209,1
2559,10898,111,3
2560,11564,436,4
2561,11047,500,1
2562,12767,137,2
2563,10932,355,2
2564,12139,404,3
2565,12438,211,2
2566,12598,146,3
2567,12979,84,3
2568,11252,30,3
2569,11226,488,3
2570,11374,65,4
2571,11062,24,4
2572,12781,472,1
2573,10500,431,1
2574,11723,211,2
2575,12919,222,4
2576,12565,90,1
2577,12116,106,4
2578,11764,172,4
2579,12171,230,2
2580,11709,413,2
2581,10336,77,3
2582,11177,68,4
2583,10779,365,3
2584,11186,401,3
2585,11934,353,3
2586,11467,389,4
2587,12471,92,4
2588,11562,88,3
2589,10939,465,4
2590,10804,50,3
2591,11936,103,1
2592,10634,368,4
2593,11254,424,2
2594,11083,492,2
2595,12144,46,3
2596,11286,179,1
2597,10354,267,4
2598,11160,268,3
2599,11886,397,1
2600,11819,320,1
2601,10967,8,4
2602,12971,449,2
2603,12521,265,2
2604,12478,476,1
2605,12585,386,2
2606,11170,78,1
2607,11548,397,1
2608,12135,240,1
2609,10109,258,2
2610,11369,196,3
2611,11758,460,2
2612,10994,432,3
2613,11518,330,2
2614,11357,131,4
2615,10822,452,4
2616,10937,390,2
2617,12697,343,4
2618,10191,261,4
2619,11997,242,4
2620,10933,387,4
2621,10142,394,3
2622,11893,171,1
2623,12888,147,3
2624,12216,270,1
2625,10566,149,1
2626,11283,380,2
2627,11463,299,2
2628,11135,28,2
2629,10744,149,2
2630,10673,420,2
2631,12912,280,3
2632,12887,182,3
2633,10531,166,4
2634,11314,17,3
2635,10562,150,3
2636,11534,339,2
2637,12223,45,4
2638,10302,330,3
2639,10185,189,3
2640,10510,139,4
2641,12867,61,1
2642,11334,294,2
2643,11370,322,3
2644,12204,33,3
2645,12835,299,4
2646,10795,415,3
2647,12480,112,2
2648,11524,291,3
2649,10761,37,1
2650,12195,431,2
2651,12529,495,1
2652,10435,100,4
2653,11543,23,2
2654,12039,420,3
2655,11707,424,2
2656,10069,487,2
2657,11630,218,2
2658,11905,89,1
2659,12923,209,4
2660,12234,271,2
2661,12952,421,3
2662,12730,237,2
2663,12252,388,2
2664,10554,406,4
2665,12061,209,3
2666,12714,278,3
2667,11298,465,1
2668,12099,206,3
2669,10500,78,3
2670,12417,401,3
2671,12772,328,2
2672,12405,98,1
2673,12895,346,3
2674,11530,365,3
2675,12304,350,3
2676,11512,470,2
2677,10279,336,2
2678,11083,94,1
2679,10446,80,4
2680,12161,38,1
2681,10836,408,2
2682,10755,228,3
2683,11846,483,3
2684,11593,134,1
2685,11513,196,3
2686,11431,466,2
2687,12415,390,1
2688,11084,282,4
2689,12377,101,2
2690,12776,475,2
2691,11591,425,3
2692,11909,75,2
2693,12768,294,2
2694,12232,208,4
2695,11023,83,3
2696,12359,427,2
2697,11562,437,3
2698,10177,143,2
2699,10847,474,4
2700,11249,56,3
2701,11601,361,3
2702,11605,440,4
2703,11976,287,1
2704,12057,211,2
2705,10236,441,2
2706,10710,179,1
2707,12972,408,3
2708,12733,58,3
2709,10794,73,4
2710,12856,215,4
2711,11935,388,4
2712,11670,266,1
2713,10027,447,1
2714,12598,73,3
2715,11227,467,4
2716,10085,271,3
2717,11856,499,1
2718,12514,354,2
2719,11123,234,3
2720,11214,319,1
2721,10012,19,4
2722,11013,113,2
2723,11749,63,2
2724,11877,372,2
2725,12620,184,4
2726,11318,277,2
2727,11384,162,1
2728,11679,243,3
2729,12962,145,2
2730,10180,146,2
2731,10797,81,1
2732,11468,322,4
2733,12025,435,2
2734,12489,321,1
2735,10887,43,1
2736,12469,313,4
2737,11190,394,4
2738,11676,293,3
2739,11520,176,2
2740,12516,376,3
2741,12761,69,1
2742,12433,56,2
2743,12362,119,1
2744,10771,204,1
2745,11279,420,1
2746,10959,415,4
2747,10917,55,4
2748,12071,38,2
2749,11782,243,1
2750,10339,201,1
2751,11517,236,2
2752,12871,474,3
2753,12414,15,1
2754,11396,144,4
2755,10915,77,3
2756,11854,473,3
2757,10475,478,3
2758,11447,309,3
2759,11380,440,3
2760,11484,263,3
2761,12075,185,2
2762,12990,55,2
2763,12850,308,3
2764,10801,4,4
2765,12908,299,2
2766,11247,40,2
2767,10864,230,3
2768,12738,377,4
2769,11172,286,3
2770,10739,138,4
2771,11375,478,4
2772,12463,103,1
2773,10982,7,2
2774,12477,164,3
2775,12089,419,2
2776,12953,472,2
2777,11012,423,4
2778,12751,420,2
2779,12127,365,1
2780,10717,276,3
2781,11808,49,2
2782,12592,96,3
2783,11474,59,2
2784,12522,231,3
2785,11166,177,3
2786,12342,90,3
2787,10610,282,2
2788,12184,36,1
2789,12532,171,3
2790,11813,126,4
2791,11336,483,4
2792,12862,299,4
2793,10555,355,1
2794,11656,204,3
2795,11756,289,1
2796,10046,356,3
2797,11260,462,1
2798,11072,97,3
2799,12246,238,4
2800,12132,173,3
2801,10543,301,1
2802,11452,88,3
2803,12119,399,2
2804,12568,351,3
2805,11993,17,4
2806,12946,140,3
2807,10913,254,2
2808,11069,278,2
2809,12341,151,2
2810,12986,346,1
2811,10812,334,2
2812,11489,140,1
2813,11909,114,2
2814,11574,68,1
2815,10867,366,2
2816,12428,179,2
2817,11767,125,3
2818,12310,397,2
2819,10580,313,3
2820,12405,311,2
2821,11443,338,2
2822,10698,363,3
2823,11977,412,3
2824,12491,358,1
2825,10726,233,4
2826,10286,428,3
2827,11892,147,1
2828,10570,430,2
2829,12888,111,3
2830,11965,363,3
2831,11514,358,2
2832,10498,238,2
2833,11918,3,2
2834,10705,211,2
2835,11357,404,4
2836,10562,25,3
2837,11999,331,2
2838,10032,184,2
2839,10043,465,4
2840,11917,61,3
2841,11375,123,1
2842,11846,497,3
2843,10559,55,1
2844,12318,163,4
2845,11437,462,2
2846,10943,187,4
2847,11599,39,3
2848,11371,185,2
2849,11929,83,3
2850,11637,195,1
2851,12085,34,3
2852,10092,113,4
2853,11844,425,4
2854,10185,406,4
2855,10728,230,2
2856,11052,283,3
2857,11572,405,2
2858,12420,425,3
2859,10832,287,1
2860,10345,155,3
2861,11443,165,3
2862,11220,450,3
2863,12126,182,3
2864,10167,239,1
2865,10264,137,2
2866,11496,339,4
2867,11232,426,3
2868,12772,420,4
2869,11287,266,4
2870,11530,187,4
2871,11809,40,4
2872,12560,310,3
2873,11878,493,4
2874,11750,167,3
2875,11910,391,1
2876,12624,260,2
2877,12770,143,2
2878,11336,204,3
2879,11198,176,3
2880,12479,262,2
2881,10768,252,4
2882,12511,329,3
2883,10101,419,4
2884,11733,200,3
2885,11920,199,3
2886,12292,196,1
2887,11372,314,1
2888,10105,77,2
2889,10694,19,1
2890,11691,62,1
2891,11311,327,2
2892,11071,394,4
2893,11067,281,1
2894,10818,428,4
2895,12269,250,2
2896,11537,227,3
2897,12192,127,4
2898,10890,58,2
2899,11878,409,4
2900,11874,477,2
2901,10790,376,2
2902,10553,204,3
2903,10844,243,4
2904,10659,367,3
2905,12885,424,3
2906,11019,332,4
2907,11954,500,4
2908,11191,326,2
2909,10751,252,4
2910,12297,394,2
2911,10775,322,2
2912,12812,376,2
2913,11381,493,2
2914,10692,409,2
2915,12868,199,2
2916,10719,488,4
2917,10234,343,4
2918,12072,240,1
2919,11405,139,4
2920,11006,122,3
2921,11370,420,1
2922,11402,49,4
2923,12570,304,3
2924,12065,115,4
2925,12293,343,2
2926,12766,251,1
2927,12818,491,2
2928,10717,7,1
2929,11563,219,1
2930,11712,77,2
2931,11226,179,1
2932,11272,145,1
2933,12166,416,4
2934,10009,154,3
2935,10598,121,2
2936,10023,124,4
2937,11991,150,4
2938,12288,397,2
2939,11609,381,1
2940,12075,268,2
2941,11105,327,3
2942,12247,1,3
2943,12823,161,2
2944,10092,244,4
2945,10851,375,2
2946,11983,398,3
2947,11108,251,2
2948,10300,367,1
2949,12344,64,2
2950,12695,299,4
2951,11478,248,1
2952,11305,442,3
2953,11001,297,2
2954,11083,465,4
2955,12957,452,4
2956,12919,500,3
2957,11366,115,2
2958,12801,295,4
2959,12390,1,1
2960,12110,41,2
2961,10776,173,3
2962,12673,88,1
2963,11453,482,2
2964,11682,98,4
2965,11752,88,3
2966,12304,251,3
2967,12876,335,2
2968,11852,465,3
2969,11898,141,1
2970,11730,71,2
2971,11328,137,1
2972,10615,492,3
2973,10245,447,3
2974,10757,99,3
2975,10824,151,1
2976,12828,438,3
2977,12780,175,2
2978,11847,167,4
2979,11436,343,2
2980,12926,410,4
2981,11241,257,3
2982,10516,398,2
2983,10474,224,1
2984,10036,499,4
2985,11411,368,1
2986,11793,330,4
2987,11735,65,3
2988,10830,69,2
2989,11093,67,4
2990,12414,433,2
2991,11186,50,4
2992,11763,314,4
2993,10945,309,3
2994,11512,91,4
2995,10431,115,1
2996,12023,374,4
2997,10859,57,4
2998,10230,342,4
2999,12418,18,3
3000,10178,272,2
3001,11434,130,2
3002,12616,495,3
3003,11614,269,1
3004,12841,429,1
3005,11764,80,3
3006,12948,456,2
3007,11775,299,1
3008,10975,456,3
3009,10082,310,2
3010,10846,202,1
3011,12810,225,1
3012,11217,159,3
3013,10618,204,2
3014,12264,137,1
3015,12338,485,3
3016,10445,73,1
3017,10923,48,2
3018,12600,18,4
3019,10193,478,1
3020,11663,480,2
3021,10289,488,1
3022,12631,471,4
3023,11168,267,4
3024,11431,446,1
3025,11835,340,3
3026,12905,19,1
3027,11971,100,2
3028,12829,116,3
3029,10896,346,2
3030,10920,74,2
3031,12612,280,3
3032,12035,269,4
3033,11553,125,2
3034,11701,116,1
3035,12061,174,4
3036,11726,181,4
3037,12388,226,3
3038,12913,157,1
3039,11898,164,1
3040,11800,71,4
3041,10312,499,2
3042,12781,222,2
3043,11128,126,1
3044,10339,145,4
3045,12348,176,4
3046,10359,461,4
3047,12217,152,3
3048,11173,182,1
3049,12809,375,1
3050,10768,479,2
3051,12090,347,2
3052,10202,498,1
3053,11693,85,1
3054,10464,364,2
3055,10449,383,1
3056,10913,121,2
3057,10798,129,1
3058,10794,463,3
3059,10437,451,3
3060,11917,6,4
3061,11774,334,1
3062,10531,183,2
3063,10565,38,1
3064,11621,417,1
3065,11297,116,4
3066,12920,102,2
3067,10213,8,1
3068,10949,218,2
3069,11128,207,1
3070,10192,78,4
3071,11404,368,2
3072,11991,404,1
3073,11105,55,3
3074,10705,304,2
3075,10549,467,4
3076,11862,440,3
3077,10154,481,2
3078,11666,228,2
3079,10571,88,2
3080,11785,10,2
3081,12288,308,1
3082,12422,434,1
3083,10805,290,2
3084,10799,164,4
3085,10611,239,1
3086,12736,317,2
3087,12822,484,2
3088,11807,144,4
3089,10143,335,4
3090,10272,18,4
3091,11556,71,3
3092,12474,175,2
3093,12094,342,4
3094,12143,288,2
3095,12112,299,1
3096,12461,339,2
3097,10459,424,2
3098,11739,248,3
3099,11433,193,1
3100,12518,419,1
3101,12858,325,3
3102,10506,306,4
3103,11710,268,4
3104,11097,204,2
3105,10084,341,3
3106,10059,123,4
3107,11045,58,1
3108,11482,339,3
3109,12966,447,4
3110,12205,201,1
3111,11353,491,3
3112,11597,433,2
3113,10576,112,2
3114,12885,128,1
3115,10680,36,4
3116,10203,234,4
3117,11130,310,3
3118,10318,47,1
3119,11206,115,4
3120,11639,416,2
3121,11797,255,1
3122,10406,483,2
3123,12997,223,1
3124,12543,124,3
3125,10679,437,4
3126,11271,160,4
3127,11890,446,4
3128,11548,421,2
3129,11644,96,4
3130,11360,107,1
3131,11446,120,2
3132,10835,101,3
3133,12242,103,2
3134,12356,166,3
3135,11669,414,2
3136,11931,186,4
3137,12554,32,3
3138,10281,493,4
3139,12723,66,2
3140,11814,179,3
3141,10933,267,1
3142,12763,443,1
3143,10608,404,2
3144,10483,37,3
3145,11247,201,1
3146,11773,358,4
3147,12165,49,4
3148,10192,275,2
3149,12836,439,4
3150,12666,168,4
3151,12018,263,4
3152,12564,133,1
3153,10307,495,3
3154,10532,298,2
3155,10122,344,3
3156,12697,176,3
3157,10592,489,3
3158,12918,391,1
3159,11476,11,4
3160,10059,201,2
3161,12349,433,3
3162,12601,414,4
3163,11574,297,1
3164,11141,3,3
3165,11811,214,4
3166,11806,296,1
3167,10399,307,4
3168,12563,468,2
3169,12853,32,4
3170,12546,48,4
3171,10942,327,2
3172,10528,252,2
3173,12446,199,4
3174,11775,404,2
3175,11422,89,4
3176,11670,109,3
3177,11551,291,4
3178,10436,108,1
3179,10840,408,2
3180,10360,40,3
3181,11153,461,2
3182,10864,52,2
3183,12682,112,2
3184,11651,295,1
3185,11733,68,1
3186,11246,189,4
3187,12262,332,1
3188,10916,209,2
3189,12640,65,3
3190,11799,62,3
3191,12183,465,3
3192,12802,258,2
3193,10386,134,1
3194,11327,492,3
3195,11806,122,2
3196,11586,331,2
3197,11213,171,3
3198,11550,210,3
3199,10389,296,4
3200,12792,89,4
3201,10704,167,2
3202,12973,28,4
3203,11739,238,4
3204,12821,336,3
3205,10864,63,4
3206,11060,448,2
3207,10079,255,3
3208,11299,396,4
3209,11302,41,4
3210,10674,500,4
3211,12360,29,1
3212,10204,279,4
3213,10985,469,4
3214,11976,80,2
3215,10017,51,4
3216,10476,112,1
3217,11017,361,3
3218,10210,301,4
3219,10499,90,4
3220,10429,229,2
3221,11330,150,4
3222,12106,243,4
3223,11554,138,4
3224,11232,135,4
3225,11535,457,3
3226,11868,89,2
3227,12570,494,3
3228,12629,15,1
3229,11877,333,4
3230,10899,362,1
3231,11107,174,3
3232,12669,90,1
3233,11068,213,4
3234,11507,343,1
3235,12958,61,3
3236,11668,364,4
3237,10493,220,2
3238,12547,61,3
3239,10605,307,4
3240,10948,166,2
3241,10294,12,1
3242,11172,216,1
3243,12019,77,1
3244,10172,232,4
3245,11587,112,1
3246,10531,66,1
3247,11144,182,2
3248,11860,423,2
3249,11761,204,2
3250,12114,423,4
3251,12189,371,3
3252,12494,206,1
3253,10189,286,1
3254,10158,105,4
3255,12718,242,1
3256,11971,235,4
3257,10246,176,4
3258,12904,211,4
3259,12992,31,3
3260,12796,235,4
3261,12378,242,3
3262,12560,491,3
3263,10850,153,1
3264,11811,196,2
3265,11095,498,3
3266,11337,435,3
3267,12127,269,2
3268,10169,484,3
3269,12858,447,2
3270,12228,384,1
3271,11652,170,4
3272,12308,438,2
3273,11510,357,4
3274,11796,323,2
3275,12345,336,4
3276,10620,474,1
3277,12903,232,3
3278,12408,184,1
3279,12165,359,3
3280,10357,275,4
3281,12487,430,4
3282,11678,399,3
3283,11212,32,2
3284,11305,177,1
3285,11535,405,2
3286,11490,65,4
3287,11964,198,1
3288,11362,27,1
3289,12570,151,2
3290,10199,303,3
3291,11788,479,3
3292,11074,268,1
3293,11166,85,3
3294,11807,500,4
3295,11538,66,2
3296,12718,133,2
3297,10031,393,2
3298,12381,404,1
3299,10660,366,1
3300,12225,82,3
3301,12418,381,2
3302,10547,319,4
3303,12583,470,4
3304,11130,328,2
3305,12145,98,1
3306,12278,73,1
3307,12275,327,1
3308,10371,30,4
3309,11124,125,2
3310,11469,210,4
3311,11492,475,2
3312,12103,272,4
3313,12472,213,4
3314,12363,133,3
3315,11152,157,4
3316,12080,47,2
3317,10093,357,4
3318,12567,363,3
3319,11282,382,3
3320,12901,22,2
3321,11926,462,3
3322,11244,441,3
3323,12800,83,1
3324,11572,419,2
3325,10416,472,3
3326,12605,234,3
3327,12414,60,3
3328,11545,454,2
3329,12647,188,1
3330,12379,58,4
3331,10689,259,1
3332,11666,162,2
3333,12059,301,2
3334,12866,306,2
3335,11531,2,4
3336,10419,271,2
3337,11146,421,1
3338,10911,143,3
3339,11355,188,3
3340,11567,352,2
3341,12396,341,2
3342,10412,448,4
3343,11248,465,3
3344,10153,482,4
3345,11236,224,4
3346,10092,498,4
3347,10331,367,4
3348,11665,180,1
3349,10955,23,2
3350,12602,355,2
3351,12978,37,4
3352,11252,107,4
3353,10194,297,1
3354,10530,229,4
3355,12893,313,1
3356,11267,97,1
3357,11474,281,4
3358,10639,110,2
3359,11611,37,1
3360,11598,40,2
3361,12526,85,2
3362,12528,302,1
3363,12336,188,3
3364,10698,240,1
3365,12046,358,3
3366,11702,488,1
3367,12743,354,1
3368,10540,19,2
3369,10330,347,2
3370,10470,393,4
3371,12897,325,2
3372,10534,261,2
3373,11963,473,2
3374,10467,410,2
3375,12468,403,4
3376,10762,158,2
3377,11006,484,3
3378,10891,304,3
3379,12356,112,4
3380,11956,144,2
3381,12972,256,3
3382,12382,455,1
3383,10954,18,3
3384,11444,184,2
3385,11673,405,3
3386,12837,287,1
3387,10832,385,3
3388,10844,131,2
3389,12298,479,1
3390,11320,281,4
3391,10184,245,1
3392,11284,8,3
3393,12847,193,4
3394,11691,318,1
3395,12234,391,1
3396,11433,7,1
3397,12886,136,2
3398,11797,19,4
3399,10627,401,4
3400,12907,139,1
3401,12056,367,4
3402,10783,489,3
3403,11508,177,3
3404,11785,11,1
3405,10775,486,3
3406,11760,41,1
3407,11864,446,3
3408,11007,114,1
3409,10677,180,1
3410,11831,194,4
3411,10211,196,4
3412,11337,498,1
3413,11628,348,4
3414,11361,225,4
3415,10490,331,2
3416,11427,323,3
3417,12687,424,4
3418,10191,261,1
3419,12719,116,2
3420,10843,469,2
3421,10335,150,4
3422,11643,118,1
3423,11111,165,1
3424,10579,252,1
3425,10062,267,1
3426,10387,44,1
3427,11170,470,3
3428,12201,489,1
3429,10619,181,1
3430,11684,77,3
3431,12746,374,4
3432,11878,116,2
3433,12226,445,3
3434,12895,67,2
3435,10487,13,2
3436,11278,92,3
3437,12548,246,1
3438,10541,267,2
3439,11536,139,1
3440,12061,341,4
3441,10151,244,3
3442,11074,341,2
3443,11239,391,1
3444,10991,273,2
3445,12692,304,4
3446,10372,398,4
3447,11137,191,2
3448,12300,448,3
3449,12101,97,4
3450,11154,331,1
3451,10193,205,4
3452,12639,449,1
3453,11081,418,2
3454,12145,137,1
3455,10198,77,2
3456,12195,384,4
3457,11599,37,3
3458,11601,286,4
3459,12771,425,4
3460,10684,429,4
3461,10333,485,4
3462,11244,303,3
3463,11422,135,4
3464,11366,142,1
3465,11822,254,3
3466,12560,48,3
3467,12220,255,1
3468,11492,134,2
3469,11772,290,4
3470,12011,208,3
3471,12612,499,4
3472,12560,101,4
3473,11213,484,1
3474,11144,46,1
3475,10105,443,1
3476,12722,70,4
3477,10807,136,3
3478,11065,280,3
3479,10889,67,2
3480,12924,4,4
3481,12725,224,2
3482,10321,1,2
3483,12383,290,2
3484,12312,109,2
3485,12913,265,2
3486,11501,63,4
3487,12400,460,1
3488,11569,266,2
3489,11797,138,3
3490,11520,434,4
3491,11919,44,2
3492,11866,374,3
3493,11406,432,2
3494,12724,471,1
3495,11505,262,4
3496,12967,216,1
3497,11960,121,3
3498,10005,152,2
3499,12082,213,1
3500,11169,234,1
3501,12399,351,2
3502,12631,111,4
3503,12513,442,3
3504,10348,361,4
3505,11766,320,3
3506,10125,222,3
3507,11814,440,1
3508,12405,226,2
3509,12575,210,4
3510,10498,396,1
3511,11177,419,1
3512,10053,71,1
3513,10149,489,4
3514,10503,360,1
3515,10870,89,2
3516,10219,262,1
3517,11301,449,1
3518,12500,366,3
3519,12131,464,1
3520,10738,188,4
3521,12575,112,4
3522,12452,452,2
3523,10290,413,4
3524,12468,422,4
3525,10339,239,1
3526,12825,476,2
3527,12759,256,4
3528,11694,150,2
3529,11869,127,2
3530,10987,392,3
3531,10959,319,3
3532,11231,480,1
3533,12734,481,4
3534,11289,397,1
3535,12007,411,1
3536,10373,402,2
3537,11512,274,2
3538,10531,333,2
3539,10924,470,1
3540,10023,446,4
3541,12152,398,1
3542,10241,139,1
3543,11005,103,1
3544,12951,242,3
3545,11897,117,3
3546,11166,214,4
3547,10814,484,3
3548,10655,17,1
3549,10783,179,3
3550,12355,224,3
3551,10008,270,1
3552,11715,490,4
3553,10575,313,3
3554,10912,349,1
3555,10518,134,1
3556,11542,114,1
3557,10483,441,2
3558,12255,132,1
3559,12717,139,3
3560,10579,365,3
3561,10387,232,1
3562,10412,458,2
3563,11866,375,2
3564,11394,92,2
3565,11377,267,3
3566,11968,99,2
3567,11360,207,4
3568,12939,8,4
3569,10906,468,2
3570,11313,370,4
3571,10963,443,1
3572,10965,405,2
3573,12188,321,2
3574,11977,93,2
3575,12348,408,1
3576,11037,158,1
3577,10664,360,2
3578,10825,99,3
3579,11888,225,3
3580,12448,340,4
3581,10992,441,1
3582,11133,208,4
3583,12197,73,4
3584,11740,479,2
3585,12355,401,3
3586,11084,59,4
3587,10435,287,2
3588,10021,64,1
3589,12923,256,4
3590,12430,48,3
3591,12293,279,1
3592,11926,198,2
3593,11473,158,1
3594,11100,311,4
3595,12746,7,1
3596,12638,248,1
3597,10390,368,1
3598,12616,232,3
3599,11355,106,4
3600,12307,494,2
3601,10426,459,3
3602,11726,98,4
3603,11030,268,2
3604,10006,60,2
3605,10191,500,2
3606,10148,308,4
3607,10405,493,2
3608,10258,495,2
3609,12778,411,3
3610,12138,140,2
3611,10824,397,1
3612,10010,328,3
3613,11111,464,3
3614,10838,190,4
3615,10988,125,2
3616,10625,413,1
3617,10030,163,1
3618,12176,60,2
3619,12469,413,2
3620,11079,31,4
3621,12353,333,1
3622,10546,76,3
3623,11129,243,4
3624,11196,317,4
3625,11523,258,3
3626,12070,417,4
3627,12439,456,2
3628,10617,190,3
3629,10149,489,3
3630,11812,377,1
3631,12347,315,3
3632,10172,296,4
3633,10047,177,1
3634,10626,489,4
3635,11811,288,2
3636,12255,294,2
3637,10453,348,1
3638,11419,207,1
3639,12973,215,4
3640,10754,344,2
3641,12756,141,1
3642,11009,85,2
3643,12724,182,2
3644,12903,332,2
3645,12831,128,4
3646,11134,269,4
3647,12732,39,2
3648,12912,23,2
3649,11226,242,2
3650,10168,366,3
3651,10086,107,3
3652,11678,348,4
3653,11983,142,2
3654,10849,145,3
3655,11487,280,1
3656,10442,245,1
3657,10271,442,2
3658,11601,191,3
3659,10344,290,1
3660,11207,179,4
3661,12551,112,1
3662,12542,214,4
3663,11258,138,1
3664,12292,374,1
3665,11533,200,3
3666,10267,405,1
3667,11654,421,1
3668,10893,7,4
3669,12249,346,4
3670,10239,13,1
3671,10915,80,2
3672,11439,286,1
3673,12532,159,1
3674,11461,389,3
3675,12294,416,1
3676,11882,272,1
3677,12200,495,4
3678,11416,201,4
3679,12259,150,4
3680,10367,448,4
3681,12992,428,1
3682,11594,296,2
3683,10086,493,3
3684,11737,293,3
3685,11658,334,2
3686,12042,272,2
3687,12494,43,3
3688,10620,468,1
3689,12352,319,3
3690,10132,492,2
3691,10904,15,1
3692,10988,248,3
3693,11222,172,1
3694,12095,218,1
3695,11764,137,2
3696,12805,321,4
3697,11227,227,3
3698,11285,44,2
3699,10690,20,3
3700,11048,493,4
3701,10687,119,4
3702,10786,454,4
3703,10340,234,4
3704,10412,458,3
3705,11997,368,1
3706,10286,379,1
3707,11110,417,4
3708,10850,336,4
3709,10430,356,1
3710,11605,262,2
3711,10031,83,4
3712,10603,31,1
3713,10440,322,2
3714,10985,274,1
3715,11373,234,2
3716,11919,28,3
3717,10412,252,2
3718,10528,324,4
3719,10310,253,2
3720,12997,449,2
3721,11812,239,4
3722,11362,490,3
3723,12722,370,2
3724,12039,464,3
3725,12485,429,1
3726,10704,314,1
3727,10663,175,4
3728,10365,194,3
3729,10923,180,4
3730,12161,420,4
3731,10176,385,2
3732,11173,295,1
3733,11202,215,4
3734,10936,474,2
3735,10382,203,2
3736,11283,250,3
3737,11213,362,1
3738,10306,257,3
3739,11402,75,3
3740,10602,344,4
3741,12391,202,3
3742,12204,142,4
3743,10712,206,3
3744,11466,199,2
3745,10403,407,1
3746,10614,171,1
3747,12845,406,1
3748,12671,316,2
3749,11802,228,2
3750,12651,411,3
3751,10177,440,3
3752,10449,386,3
3753,10743,423,3
3754,11565,179,1
3755,11979,366,3
3756,12349,275,2
3757,12755,62,2
3758,10307,327,2
3759,10751,204,4
3760,10869,451,4
3761,10214,447,4
3762,11618,367,3
3763,11664,133,1
3764,12531,72,1
3765,11598,78,3
3766,12181,189,3
3767,11673,356,4
3768,10512,71,2
3769,12259,263,2
3770,10987,306,4
3771,12765,46,4
3772,10253,224,1
3773,10038,328,4
3774,10629,250,2
3775,10987,76,2
3776,11726,74,3
3777,12094,142,1
3778,11478,73,3
3779,11702,102,1
3780,10305,94,3
3781,11739,69,1
3782,12281,65,4
3783,10245,193,2
3784,11745,441,4
3785,12808,62,1
3786,12887,20,1
3787,12206,241,3
3788,11025,203,1
3789,10217,410,4
3790,12976,300,1
3791,10507,195,1
3792,10761,454,3
3793,12952,62,1
3794,12629,107,3
3795,11054,125,2
3796,12675,301,3
3797,12568,267,1
3798,11905,456,2
3799,10275,477,1
3800,10492,202,3
3801,10827,162,4
3802,10951,344,2
3803,12974,302,4
3804,12895,112,4
3805,11179,337,2
3806,11101,32,4
3807,11637,459,4
3808,11456,98,4
3809,10039,472,4
3810,12287,247,2
3811,12170,261,1
3812,10144,191,4
3813,12732,29,2
3814,12503,48,2
3815,12416,496,2
3816,10759,250,2
3817,10247,226,3
3818,12971,272,1
3819,10765,153,1
3820,12423,485,4
3821,11315,328,2
3822,10207,285,3
3823,12019,180,2
3824,12567,302,4
3825,12290,153,1
3826,12867,234,4
3827,12350,23,4
3828,11318,418,4
3829,10701,451,4
3830,10288,94,4
3831,12202,370,4
3832,11594,245,4
3833,12471,290,1
3834,10850,160,1
3835,10050,373,2
3836,11231,285,2
3837,12612,9,3
3838,12902,450,3
3839,12931,185,1
3840,12710,295,1
3841,12613,135,3
3842,12261,110,1
3843,11909,69,3
3844,12859,136,2
3845,12898,96,1
3846,11687,119,1
3847,11741,374,3
3848,11344,274,4
3849,11791,358,4
3850,12929,366,2
3851,11961,338,1
3852,11089,177,1
3853,11156,361,3
3854,12382,237,4
3855,10032,272,4
3856,10868,277,2
3857,12946,138,4
3858,11267,362,4
3859,11216,132,4
3860,11166,44,3
3861,11684,123,4
3862,10601,136,2
3863,12026,367,4
3864,11585,373,2
3865,10988,126,3
3866,11215,439,3
3867,11966,275,2
3868,12647,495,3
3869,11440,64,1
3870,10520,296,1
3871,11759,232,1
3872,10869,51,1
3873,12064,137,1
3874,11832,158,3
3875,11130,56,2
3876,10283,81,3
3877,10361,232,4
3878,11059,428,1
3879,12161,443,1
3880,12356,399,3
3881,11935,452,4
3882,10959,326,3
3883,11077,128,2
3884,11105,126,1
3885,11640,317,3
3886,12882,80,2
3887,11393,474,1
3888,12290,377,1
3889,10031,357,1
3890,10704,407,4
3891,10869,333,3
3892,11385,175,1
3893,10233,145,1
3894,11058,441,2
3895,11267,126,3
3896,10951,182,2
3897,10059,219,3
3898,12819,436,1
3899,12766,278,4
3900,10302,485,2
3901,12851,83,4
3902,12945,423,4
3903,12046,483,4
3904,12160,141,3
3905,11924,334,3
3906,10317,496,4
3907,11889,95,1
3908,11169,365,1
3909,12716,194,4
3910,10690,110,2
3911,11882,52,2
3912,11954,103,3
3913,10018,101,2
3914,11179,142,1
3915,11530,201,4
3916,10778,458,2
3917,10360,319,4
3918,10332,199,2
3919,11942,284,3
3920,10528,494,1
3921,12060,217,3
3922,11099,46,4
3923,10212,28,1
3924,11715,2,1
3925,12689,383,3
3926,12331,17,2
3927,12828,315,3
3928,11054,436,4
3929,11033,388,2
3930,11333,77,3
3931,11334,466,3
3932,12725,387,2
3933,12753,371,2
3934,12474,165,2
3935,11841,97,3
3936,11796,105,2
3937,11728,24,2
3938,10591,200,2
3939,11715,35,1
3940,12139,2,4
3941,10456,289,2
3942,10444,332,4
3943,10079,342,2
3944,11499,461,2
3945,10927,138,1
3946,12151,337,1
3947,10623,62,2
3948,11480,299,2
3949,10234,197,2
3950,11618,377,4
3951,12692,59,2
3952,12031,265,4
3953,12838,333,1
3954,10387,188,4
3955,12895,63,2
3956,11635,308,1
3957,10038,279,3
3958,11185,30,1
3959,11486,171,3
3960,11968,452,4
3961,11473,21,1
3962,10241,299,1
3963,11050,201,1
3964,11672,135,4
3965,10562,272,2
3966,12000,23,4
3967,10806,442,1
3968,11930,87,2
3969,12346,31,1
3970,10805,121,1
3971,12202,69,3
3972,12780,134,1
3973,11676,371,4
3974,12516,449,4
3975,12097,315,4
3976,11678,496,2
3977,10046,412,3
3978,12828,146,3
3979,11652,472,1
3980,10082,333,1
3981,12321,481,3
3982,12442,394,2
3983,11810,263,4
3984,10790,293,1
3985,10595,480,3
3986,12106,429,2
3987,12613,86,4
3988,10001,16,1
3989,12264,216,4
3990,11497,116,4
3991,10766,118,3
3992,10671,270,3
3993,12559,395,4
3994,11602,467,4
3995,10915,343,1
3996,11845,162,2
3997,11996,188,2
3998,10095,104,4
3999,10493,141,3
4000,12813,167,2
4001,10150,300,4
4002,11047,28,3
4003,12804,424,1
4004,11239,272,2
4005,10399,50,1
4006,12458,371,3
4007,12179,156,4
4008,10855,324,1
4009,12196,348,4
4010,10381,121,2
4011,10552,444,1
4012,10295,140,2
4013,11144,16,2
4014,10456,309,2
4015,11554,438,2
4016,10169,49,2
4017,10710,164,3
4018,11947,62,1
4019,12020,340,4
4020,12085,154,4
4021,11722,312,3
4022,11285,376,4
4023,12279,346,4
4024,10254,150,4
4025,12377,376,1
4026,11321,73,4
4027,12058,69,1
4028,12494,465,4
4029,12970,177,4
4030,12884,354,1
4031,12126,2,3
4032,12241,309,4
4033,10401,119,2
4034,12157,7,2
4035,12840,255,3
4036,11947,484,2
4037,12311,461,1
4038,12377,404,4
4039,10363,478,4
4040,12307,414,4
4041,11359,75,4
4042,10085,351,2
4043,11546,195,2
4044,11825,187,2
4045,10308,450,1
4046,10262,496,2
4047,11922,3,2
4048,12845,184,4
4049,10631,335,2
4050,10680,273,3
4051,10865,368,3
4052,12372,52,4
4053,12973,263,2
4054,11726,368,3
4055,11852,133,3
4056,10727,482,1
4057,11261,225,4
4058,11649,310,3
4059,10217,61,3
4060,11270,365,4
4061,10448,16,2
4062,10319,229,4
4063,11910,195,1
4064,12085,251,1
4065,12779,443,1
4066,11058,303,3
4067,10039,48,2
4068,11603,235,1
4069,12257,121,4
4070,10830,499,1
4071,10856,320,3
4072,12947,50,1
4073,12649,469,2
4074,12808,41,1
4075,11859,456,2
4076,11103,22,2
4077,11501,371,4
4078,12482,182,2
4079,11821,5,3
4080,10842,145,3
4081,12080,357,2
4082,12441,78,2
4083,11256,231,1
4084,12958,297,1
4085,12240,348,4
4086,11940,479,1
4087,10270,209,3
4088,12786,163,1
4089,12125,168,4
4090,10735,278,4
4091,10884,237,2
4092,12332,176,4
4093,11113,53,2
4094,12592,349,3
4095,10649,10,3
4096,11180,146,1
4097,12298,227,4
4098,12143,236,3
4099,10017,464,2
4100,10117,242,4
4101,10983,305,4
4102,12381,71,2
4103,11847,158,4
4104,11546,19,4
4105,12694,55,3
4106,12164,444,2
4107,10963,215,3
4108,11277,456,2
4109,10847,209,1
4110,12364,21,4
4111,12858,282,4
4112,10372,249,3
4113,12808,28,4
4114,12925,423,4
4115,11607,417,3
4116,10156,296,3
4117,12662,211,2
4118,12556,285,1
4119,10465,20,3
4120,10783,20,2
4121,10804,330,3
4122,10220,396,2
4123,12063,120,1
4124,11774,97,2
4125,10117,120,2
4126,12379,25,4
4127,12104,153,3
4128,11375,245,2
4129,12019,260,3
4130,10308,4,2
4131,10222,393,4
4132,11197,143,4
4133,10797,282,1
4134,11530,335,2
4135,10151,346,4
4136,11721,220,3
4137,11557,327,2
4138,10112,160,2
4139,10683,76,1
4140,11162,99,3
4141,12380,180,1
4142,11566,127,2
4143,10893,32,1
4144,11331,265,2
4145,10161,334,2
4146,11426,13,1
4147,10278,440,1
4148,11557,380,2
4149,12945,428,1
4150,10497,481,1
4151,11396,352,2
4152,11916,339,3
4153,10655,414,1
4154,10303,400,1
4155,10438,396,4
4156,12774,202,3
4157,10186,450,1
4158,11590,18,2
4159,10673,397,4
4160,11274,93,4
4161,11001,280,4
4162,12327,358,1
4163,10683,396,2
4164,11719,316,4
4165,10925,60,3
4166,12428,477,4
4167,12883,214,4
4168,10999,100,3
4169,10285,1,4
4170,10421,43,4
4171,12161,311,3
4172,12276,168,1
4173,11495,192,3
4174,10528,34,1
4175,12544,34,1
4176,10031,176,1
4177,10162,417,3
4178,11842,196,3
4179,10705,486,1
4180,10722,158,3
4181,11402,245,1
4182,10446,500,3
4183,12792,366,2
4184,10427,340,3
4185,12552,346,3
4186,11551,335,3
4187,11968,71,1
4188,10721,327,1
4189,12732,114,2
4190,11802,285,2
4191,12630,407,4
4192,11965,418,2
4193,11058,468,1
4194,12045,143,2
4195,10736,97,2
4196,12739,309,3
4197,10758,401,2
4198,11796,320,4
4199,11644,212,3
4200,10754,317,1
4201,10024,185,4
4202,11240,205,1
4203,10055,364,4
4204,11305,216,3
4205,12852,246,4
4206,12375,239,4
4207,10970,293,2
4208,12234,391,1
4209,12543,8,3
4210,10434,471,4
4211,10208,78,1
4212,10133,324,1
4213,11363,277,2
4214,11220,445,1
4215,11286,494,3
4216,11306,202,2
4217,10369,214,4
4218,11207,94,3
4219,12471,478,3
4220,12292,464,3
4221,10782,75,2
4222,12672,470,1
4223,10567,157,3
4224,10527,153,1
4225,10037,442,1
4226,10178,142,3
4227,10639,78,1
4228,12900,322,2
4229,10072,182,2
4230,12400,461,4
4231,12671,195,1
4232,11173,158,1
4233,11721,146,4
4234,10105,54,2
4235,11683,356,4
4236,10221,277,4
4237,11850,309,4
4238,10863,83,1
4239,12566,400,1
4240,10299,156,1
4241,12909,4,1
4242,10042,499,3
4243,10771,311,4
4244,12945,271,4
4245,12540,64,1
4246,11463,449,2
4247,12133,112,3
4248,11710,239,3
4249,10991,144,2
4250,10711,374,1
4251,10209,20,3
4252,11272,64,3
4253,11235,289,4
4254,10039,81,4
4255,11276,197,1
4256,12974,382,1
4257,11827,69,4
4258,10762,186,4
4259,11437,167,4
4260,12994,205,2
4261,11470,492,3
4262,12100,164,1
4263,10374,94,1
4264,10931,249,2
4265,10156,68,4
4266,11566,343,3
4267,11114,21,4
4268,12727,319,1
4269,12399,85,2
4270,12117,390,3
4271,11266,24,3
4272,10654,111,3
4273,10063,437,3
4274,10509,351,2
4275,12340,83,1
4276,11688,358,3
4277,11448,460,3
4278,11693,78,1
4279,12869,434,4
4280,11389,380,3
4281,12198,140,3
4282,11295,440,4
4283,12929,376,1
4284,11605,271,1
4285,11140,339,3
4286,10704,476,1
4287,10516,424,4
4288,11938,169,2
4289,11834,197,4
4290,11265,453,4
4291,10030,262,2
4292,10326,215,4
4293,12997,67,3
4294,10016,229,3
4295,10111,161,1
4296,12920,427,1
4297,12761,122,4
4298,10107,149,3
4299,12427,340,3
4300,12210,193,2
4301,10283,231,1
4302,10269,111,3
4303,12532,145,4
4304,12715,221,3
4305,11221,392,1
4306,11267,64,4
4307,10598,126,1
4308,10799,218,3
4309,11283,284,3
4310,12846,354,3
4311,11173,474,1
4312,11891,397,4
4313,12438,236,3
4314,12012,485,3
4315,12464,13,3
4316,10426,422,2
4317,11726,153,2
4318,12915,239,4
4319,12134,190,1
4320,11240,151,3
4321,12471,86,3
4322,10118,21,1
4323,12930,182,1
4324,12463,319,4
4325,10599,158,1
4326,12088,459,3
4327,11185,452,4
4328,12751,481,2
4329,12585,367,4
4330,12468,76,4
4331,10664,329,4
4332,12143,416,1
4333,11582,203,3
4334,10650,229,1
4335,11490,152,3
4336,10288,263,1
4337,11700,72,4
4338,10412,225,3
4339,12448,473,1
4340,12576,385,4
4341,11042,131,2
4342,10136,360,1
4343,12026,28,1
4344,10759,299,2
4345,11272,97,1
4346,12891,46,2
4347,12758,1,3
4348,11025,166,2
4349,10381,245,4
4350,12557,219,2
4351,11529,102,3
4352,10806,291,2
4353,10476,458,2
4354,10954,204,3
4355,10849,202,1
4356,10897,54,1
4357,10032,482,4
4358,11928,280,4
4359,12166,412,2
4360,10191,278,1
4361,11771,493,1
4362,11774,16,2
4363,12122,13,3
4364,10623,356,1
4365,11127,356,4
4366,12919,318,2
4367,10586,427,3
4368,12468,87,4
4369,10473,78,1
4370,11788,416,3
4371,10114,67,4
4372,11403,347,2
4373,11337,211,3
4374,12378,214,3
4375,10339,185,2
4376,12286,449,1
4377,11197,453,1
4378,10079,433,3
4379,10464,33,3
4380,11922,115,3
4381,12653,275,4
4382,11988,420,3
4383,10562,499,1
4384,10285,198,2
4385,10223,380,2
4386,12641,143,2
4387,11290,228,3
4388,11691,120,3
4389,12421,353,2
4390,11257,24,4
4391,12959,27,4
4392,10828,433,4
4393,12284,75,4
4394,12719,241,1
4395,10828,23,2
4396,12811,161,1
4397,11961,41,3
4398,11966,238,4
4399,12428,239,4
4400,12842,56,2
4401,10614,413,4
4402,10563,415,2
4403,12468,449,3
4404,12100,98,4
4405,11745,146,4
4406,12867,466,1
4407,11806,262,2
4408,11969,436,2
4409,12253,40,4
4410,10731,193,1
4411,10257,239,4
4412,10185,42,2
4413,12193,222,2
4414,12032,196,4
4415,11714,288,3
4416,10246,10,4
4417,12235,235,1
4418,10866,325,2
4419,12088,265,2
4420,10601,69,4
4421,10962,445,3
4422,11442,139,2
4423,12057,355,4
4424,12398,219,3
4425,12132,196,4
4426,10533,74,4
4427,10989,103,4
4428,12043,225,2
4429,10358,123,3
4430,10378,102,1
4431,12220,264,1
4432,11049,433,2
4433,10393,408,2
4434,11127,487,4
4435,10702,161,4
4436,11434,233,3
4437,12597,491,4
4438,10784,275,3
4439,11829,258,4
4440,12380,311,4
4441,12842,139,1
4442,12697,227,2
4443,10983,273,3
4444,12591,426,1
4445,11043,317,4
4446,11172,387,1
4447,12539,86,3
4448,12331,291,2
4449,10862,469,1
4450,11877,217,3
4451,11836,359,4
4452,11699,66,1
4453,10113,257,2
4454,11686,135,3
4455,11623,404,2
4456,11423,427,4
4457,10862,375,2
4458,12658,390,4
4459,11933,55,4
4460,10508,356,1
4461,11668,243,4
4462,10466,252,2
4463,12872,21,1
4464,12657,307,4
4465,11122,430,3
4466,10290,163,3
4467,12916,356,4
4468,11763,264,1
4469,12830,498,1
4470,12210,68,1
4471,12672,107,2
4472,11867,400,3
4473,10717,67,4
4474,11401,199,4
4475,10567,192,3
4476,11474,2,2
4477,10994,257,1
4478,11141,442,3
4479,11988,1,4
4480,12644,358,2
4481,11994,115,4
4482,11810,391,1
4483,11205,88,3
4484,10959,197,1
4485,11717,469,2
4486,11013,92,3
4487,11819,274,1
4488,11311,344,1
4489,10475,160,1
4490,10618,173,2
4491,10641,33,1
4492,12310,458,4
4493,10162,73,3
4494,12004,433,3
4495,11983,417,1
4496,12229,481,2
4497,10725,455,4
4498,10469,196,4
4499,11810,284,3
4500,10021,87,3
4501,10260,309,4
4502,12514,224,3
4503,11140,44,1
4504,11437,336,4
4505,10537,494,3
4506,10952,439,1
4507,12814,138,1
4508,11980,270,4
4509,11841,359,1
4510,11857,36,4
4511,12982,34,1
4512,10851,88,4
4513,11972,146,4
4514,11281,16,4
4515,11192,233,4
4516,10533,421,1
4517,12063,41,4
4518,12098,255,3
4519,10304,281,1
4520,10416,126,4
4521,10305,8,1
4522,12244,472,1
4523,10813,468,1
4524,12848,368,1
4525,12436,350,4
4526,12805,340,1
4527,11985,402,3
4528,12503,324,1
4529,10713,176,1
4530,12753,228,3
4531,12896,454,4
4532,11682,323,3
4533,11334,402,2
4534,10175,367,3
4535,11090,488,4
4536,11417,18,3
4537,11988,56,1
4538,12327,407,4
4539,10758,35,2
4540,12411,390,4
4541,11773,118,1
4542,10171,282,2
4543,11075,254,4
4544,11352,213,4
4545,10665,61,1
4546,10592,88,3
4547,12979,271,3
4548,11169,347,2
4549,12322,32,1
4550,12556,396,1
4551,12411,133,3
4552,11349,64,3
4553,10848,199,2
4554,12703,256,3
4555,12346,342,2
4556,10494,155,4
4557,10546,463,2
4558,12352,231,2
4559,11491,301,2
4560,10904,35,4
4561,12287,26,3
4562,12698,23,2
4563,11541,141,3
4564,10884,474,2
4565,12458,387,3
4566,12774,285,2
4567,12366,450,3
4568,12573,320,1
4569,10905,156,4
4570,10620,471,2
4571,10953,420,4
4572,12849,113,2
4573,12964,390,1
4574,10320,139,1
4575,10876,422,4
4576,12377,374,2
4577,11901,418,3
4578,10753,209,2
4579,12705,323,3
4580,11380,364,4
4581,11038,430,4
4582,10071,482,1
4583,12875,86,3
4584,12913,285,2
4585,11836,60,1
4586,12976,54,4
4587,11547,93,1
4588,10106,325,2
4589,10770,458,2
4590,12010,458,4
4591,12941,373,1
4592,12244,265,3
4593,12193,382,3
4594,11374,213,3
4595,12519,333,2
4596,11710,10,1
4597,10216,358,3
4598,11117,203,1
4599,10260,196,4
4600,10934,58,3
4601,10575,494,1
4602,11565,256,2
4603,11811,223,4
4604,10285,369,4
4605,12532,180,4
4606,11955,418,4
4607,12420,362,2
4608,10070,35,2
4609,10379,359,3
4610,11303,103,2
4611,12350,161,2
4612,10255,200,4
4613,11708,160,2
4614,12992,183,4
4615,10692,353,1
4616,11288,136,1
4617,10834,430,1
4618,12765,398,1
4619,12472,226,1
4620,12261,392,1
4621,12036,243,1
4622,11968,106,4
4623,10100,71,4
4624,11853,77,4
4625,12356,54,4
4626,12726,277,2
4627,12523,111,2
4628,11572,224,3
4629,10112,75,2
4630,10183,14,4
4631,12645,459,4
4632,10165,258,1
4633,12863,482,1
4634,12138,189,3
4635,12024,364,2
4636,10455,239,4
4637,12286,401,2
4638,12023,334,3
4639,12582,473,1
4640,10727,304,4
4641,12106,91,1
4642,10542,392,4
4643,11938,184,1
4644,11022,17,1
4645,12666,453,3
4646,12450,12,2
4647,10842,166,1
4648,11703,146,4
4649,11690,282,2
4650,12887,479,2
4651,10519,37,1
4652,10197,70,1
4653,12094,169,1
4654,12578,335,2
4655,11421,170,3
4656,11689,497,1
4657,11000,253,2
4658,12824,346,2
4659,12122,499,4
4660,11638,460,1
4661,12383,297,3
4662,11871,431,4
4663,10633,142,1
4664,12736,385,4
4665,10575,273,1
4666,12344,225,4
4667,11108,183,3
4668,11039,221,4
4669,11891,53,4
4670,10478,118,4
4671,12681,365,1
4672,12367,159,1
4673,12527,446,3
4674,12416,136,4
4675,10367,414,2
4676,11837,77,4
4677,12426,336,2
4678,11716,450,2
4679,12511,45,4
4680,11618,18,2
4681,10013,355,2
4682,10536,429,4
4683,12318,403,1
4684,10376,205,4
4685,11725,499,3
4686,10257,324,2
4687,12265,83,3
4688,10450,50,2
4689,10894,281,1
4690,11185,166,2
4691,12080,243,4
4692,11848,377,2
4693,11284,479,3
4694,11309,164,4
4695,10610,324,3
4696,10917,56,1
4697,12590,39,3
4698,11626,319,3
4699,10148,128,3
4700,10656,391,4
4701,12115,122,1
4702,12618,247,1
4703,11817,186,1
4704,11303,208,3
4705,12796,315,4
4706,10443,304,4
4707,12945,389,4
4708,10399,239,3
4709,11152,215,1
4710,12530,292,3
4711,12996,224,4
4712,12234,88,3
4713,12217,25,2
4714,11708,429,1
4715,11988,220,1
4716,11671,275,4
4717,11582,135,3
4718,10507,492,4
4719,12569,442,3
4720,10161,233,2
4721,10340,465,1
4722,11826,66,1
4723,11499,80,3
4724,11624,423,1
4725,11487,255,3
4726,11507,125,4
4727,12752,146,2
4728,11177,103,3
4729,10823,385,2
4730,10785,447,4
4731,10131,387,4
4732,11476,383,4
4733,12564,277,3
4734,11500,382,2
4735,12584,124,2
4736,12789,414,1
4737,10781,267,3
4738,11708,278,1
4739,11770,111,1
4740,11319,381,3
4741,11939,313,1
4742,11459,89,1
4743,12636,387,1
4744,12774,158,4
4745,12991,216,3
4746,10376,384,4
4747,12252,301,1
4748,10661,36,1
4749,12123,87,4
4750,11404,118,1
4751,10741,328,3
4752,10304,448,2
4753,11086,182,4
4754,12618,68,2
4755,10786,434,2
4756,11211,359,2
4757,10229,491,4
4758,11855,159,1
4759,10268,285,3
4760,12775,443,1
4761,12850,164,3
4762,10254,461,1
4763,10870,361,2
4764,12135,73,2
4765,11205,119,3
4766,11049,341,4
4767,12270,499,1
4768,10990,195,2
4769,10397,89,3
4770,10938,345,1
4771,12559,76,3
4772,12609,221,4
4773,12894,139,4
4774,10440,372,1
4775,11928,395,4
4776,12359,241,1
4777,12008,154,1
4778,10035,53,4
4779,12265,142,3
4780,10721,320,3
4781,10519,464,1
4782,10269,394,2
4783,10638,31,1
4784,12523,223,3
4785,11349,292,1
4786,11380,266,3
4787,10090,282,4
4788,11066,276,1
4789,11389,381,1
4790,11695,44,4
4791,11390,62,4
4792,12336,201,2
4793,10481,335,4
4794,12685,9,2
4795,10501,71,4
4796,11662,90,3
4797,12100,24,1
4798,10103,140,4
4799,11448,316,3
4800,12747,340,4
4801,11964,376,1
4802,11640,78,4
4803,12518,214,4
4804,11328,16,1
4805,12475,29,4
4806,11680,416,1
4807,12158,467,2
4808,11589,375,4
4809,12563,291,3
4810,10068,43,4
4811,12437,352,1
4812,11674,375,1
4813,10308,53,3
4814,11376,276,3
4815,11823,371,1
4816,11090,232,2
4817,10460,212,2
4818,12395,8,1
4819,12373,122,2
4820,10667,483,3
4821,11623,42,2
4822,11057,333,3
4823,10068,233,4
4824,12235,70,3
4825,12240,367,4
4826,11237,16,3
4827,11624,69,3
4828,12476,53,2
4829,11375,173,3
4830,12264,435,1
4831,10177,482,4
4832,11589,262,4
4833,11354,379,3
4834,12609,289,1
4835,12929,463,3
4836,10626,15,3
4837,12655,270,2
4838,10179,167,3
4839,10395,63,3
4840,11169,261,2
4841,10876,500,2
4842,10962,121,1
4843,10198,346,2
4844,10969,240,4
4845,10669,465,4
4846,12505,107,1
4847,11277,495,3
4848,11911,180,1
4849,10072,16,2
4850,10223,355,3
4851,12324,422,1
4852,11270,309,1
4853,11365,215,4
4854,12621,77,1
4855,10924,225,3
4856,10471,93,1
4857,12502,181,1
4858,12055,174,2
4859,10188,354,1
4860,12052,354,3
4861,11669,219,4
4862,12955,143,4
4863,11149,315,4
4864,10960,434,4
4865,12573,393,2
4866,10630,282,3
4867,10775,259,2
4868,10360,356,4
4869,10518,47,2
4870,11344,5,1
4871,11970,62,3
4872,10921,468,1
4873,12900,84,2
4874,10935,133,1
4875,11987,394,2
4876,10901,336,2
4877,11729,63,3
4878,12447,281,3
4879,11370,44,3
4880,11219,153,4
4881,12216,414,3
4882,10377,270,1
4883,11775,342,3
4884,11506,171,3
4885,11268,156,3
4886,12655,478,2
4887,11011,275,2
4888,12637,358,3
4889,11195,426,2
4890,11231,20,2
4891,11178,483,4
4892,12096,214,1
4893,11673,79,2
4894,11929,139,1
4895,10173,438,2
4896,12554,98,3
4897,12446,377,2
4898,10294,152,2
4899,10552,198,1
4900,11471,273,3
4901,12898,156,4
4902,11040,50,1
4903,11663,479,3
4904,10885,228,3
4905,11373,439,1
4906,11227,457,2
4907,10134,10,3
4908,10771,149,4
4909,12556,58,2
4910,11090,162,1
4911,10480,351,1
4912,10863,477,1
4913,10459,107,1
4914,10626,427,4
4915,10159,395,4
4916,12209,289,3
4917,11278,186,4
4918,12008,46,1
4919,11921,445,4
4920,10940,446,2
4921,11573,129,2
4922,12203,405,3
4923,12534,318,1
4924,10432,448,4
4925,11051,87,3
4926,11004,249,3
4927,12115,329,4
4928,12590,440,3
4929,12144,257,1
4930,10215,277,4
4931,12242,278,2
4932,11671,438,2
4933,11314,4,4
4934,10885,65,3
4935,12087,435,3
4936,11888,202,2
4937,10939,63,2
4938,10939,143,1
4939,10206,244,3
4940,10942,292,1
4941,10555,285,2
4942,12532,180,2
4943,11520,174,2
4944,10771,325,2
4945,10249,413,1
4946,11098,111,2
4947,10373,175,4
4948,11855,475,3
4949,12927,153,2
4950,10835,464,3
4951,12919,400,2
4952,10702,356,1
4953,12186,217,3
4954,12996,297,1
4955,12505,449,2
4956,12862,453,4
4957,12871,489,4
4958,10942,404,4
4959,12492,453,4
4960,12401,420,4
4961,10996,477,1
4962,10794,240,4
4963,12459,226,2
4964,10678,186,1
4965,11814,48,1
4966,11562,466,4
4967,10453,386,3
4968,12467,208,2
4969,12498,157,1
4970,11139,225,2
4971,10051,144,3
4972,11393,419,1
4973,11539,111,2
4974,10210,318,4
4975,10888,363,1
4976,11927,362,1
4977,10850,465,1
4978,11878,132,1
4979,10627,113,4
4980,12727,324,3
4981,11459,435,3
4982,12825,89,2
4983,11251,161,4
4984,10663,334,4
4985,10268,408,2
4986,12164,75,4
4987,11624,281,4
4988,11854,412,1
4989,10754,7,1
4990,11353,113,1
4991,11869,36,4
4992,11064,266,4
4993,10182,113,3
4994,11514,292,1
4995,10903,223,2
4996,11143,211,4
4997,12994,18,1
4998,12306,241,3
4999,11507,134,1
5000,12557,220,3
5001,12140,391,3
5002,12003,102,4
5003,11185,140,3
5004,10149,169,3
5005,12165,498,2
5006,12506,191,3
5007,12613,482,2
5008,12862,25,2
5009,12093,465,1
5010,11801,437,1
5011,12022,33,4
5012,12822,343,4
5013,11843,329,4
5014,12037,6,3
5015,12282,446,1
5016,11399,194,3
5017,11571,230,1
5018,11874,137,3
5019,11973,323,4
5020,12245,400,1
5021,12073,473,1
5022,12443,216,2
5023,10714,495,1
5024,11809,349,1
5025,10223,364,3
5026,10864,183,4
5027,10530,168,2
5028,11212,282,3
5029,11426,38,1
5030,12305,163,3
5031,10654,471,4
5032,11160,452,2
5033,11843,443,3
5034,12639,490,1
5035,10444,142,3
5036,12466,248,1
5037,10574,431,2
5038,12177,103,2
5039,11011,199,3
5040,10341,200,2
5041,12858,42,4
5042,11281,435,3
5043,10100,147,1
5044,12087,66,3
5045,12311,431,1
5046,10150,193,2
5047,11657,298,1
5048,12738,38,1
5049,12861,141,1
5050,11354,106,1
5051,11144,428,4
5052,11608,152,1
5053,12267,352,3
5054,12954,414,4
5055,11838,326,1
5056,10244,38,1
5057,12934,97,1
5058,10587,108,4
5059,12566,119,1
5060,12238,151,1
5061,12963,74,1
5062,12663,57,2
5063,10856,366,3
5064,12514,335,1
5065,12147,252,3
5066,12036,407,2
5067,10830,292,2
5068,11387,313,1
5069,11717,255,3
5070,11688,254,4
5071,10056,385,1
5072,11726,456,4
5073,11954,259,2
5074,11046,270,2
5075,12628,465,3
5076,10185,34,4
5077,10522,495,4
5078,11602,326,1
5079,12312,325,3
5080,11249,238,3
5081,11659,179,4
5082,11062,489,2
5083,11003,104,3
5084,12171,29,2
5085,12349,227,1
5086,12881,466,3
5087,12018,232,3
5088,11929,304,1
5089,12693,350,3
5090,12922,335,4
5091,10394,117,4
5092,11618,207,1
5093,10661,400,2
5094,11429,185,2
5095,11155,481,3
5096,10069,138,2
5097,12810,403,2
5098,10320,485,1
5099,12225,498,2
5100,10584,323,2
5101,11865,164,2
5102,11184,388,4
5103,10582,75,4
5104,11768,233,1
5105,11557,417,3
5106,11799,284,1
5107,10111,480,3
5108,10999,377,3
5109,10758,255,2
5110,10283,464,2
5111,11743,9,1
5112,12242,203,1
5113,11071,390,1
5114,12390,379,4
5115,12570,305,4
5116,11394,91,4
5117,10801,381,4
5118,12951,332,4
5119,10131,150,2
5120,11294,360,3
5121,11964,176,4
5122,12862,485,1
5123,10061,405,3
5124,12212,33,4
5125,11549,465,4
5126,10272,184,2
5127,11782,157,2
5128,12181,53,2
5129,11268,296,4
5130,11458,202,2
5131,10038,274,4
5132,11895,175,3
5133,11343,244,3
5134,12665,269,4
5135,10474,411,1
5136,10059,446,4
5137,12637,74,3
5138,11964,96,3
5139,12547,361,4
5140,11919,173,4
5141,12615,387,4
5142,12615,406,3
5143,10904,155,1
5144,10383,183,4
5145,11412,323,3
5146,10085,289,4
5147,11534,258,3
5148,12675,75,4
5149,12874,174,3
5150,12341,330,4
5151,11091,231,2
5152,12835,247,4
5153,10129,161,3
5154,12077,186,4
5155,11569,391,1
5156,10692,143,4
5157,11961,282,4
5158,10133,395,4
5159,11209,128,1
5160,10646,166,1
5161,12737,27,1
5162,12582,246,2
5163,11613,487,1
5164,10516,135,2
5165,12046,385,4
5166,11864,202,2
5167,12213,21,4
5168,12975,79,2
5169,10933,158,1
5170,11664,94,1
5171,10557,8,2
5172,11672,472,2
5173,12728,339,1
5174,10993,259,4
5175,11629,55,4
5176,11692,399,4
5177,10757,36,4
5178,11105,6,3
5179,11271,377,4
5180,12903,42,3
5181,12541,50,3
5182,10649,112,1
5183,11410,146,1
5184,10992,230,2
5185,11331,211,4
5186,10628,497,4
5187,12673,306,1
5188,12591,30,1
5189,12055,461,1
5190,11950,295,2
5191,10954,116,4
5192,12563,396,2
5193,11843,226,3
5194,12803,59,3
5195,12121,76,4
5196,10010,428,1
5197,11597,216,1
5198,12610,132,2
5199,10122,420,3
5200,10687,498,3
5201,12010,304,4
5202,12561,398,3
5203,10441,81,1
5204,12750,305,1
5205,10591,67,1
5206,11369,230,4
5207,11990,471,2
5208,11362,333,3
5209,11208,393,4
5210,12115,277,2
5211,12065,361,4
5212,11407,72,3
5213,12416,209,1
5214,12952,272,2
5215,11340,144,2
5216,11521,251,4
5217,12769,284,4
5218,11577,179,1
5219,10908,440,4
5220,12521,80,3
5221,10115,57,3
5222,12148,366,3
5223,12486,308,3
5224,11369,174,1
5225,12397,462,1
5226,10139,238,1
5227,10828,492,4
5228,12372,166,1
5229,10846,84,2
5230,12342,493,2
5231,11981,48,2
5232,11553,127,4
5233,11316,169,4
5234,10074,354,1
5235,10484,374,3
5236,10016,443,2
5237,11550,349,4
5238,11360,67,2
5239,12841,330,1
5240,11897,340,4
5241,12564,194,3
5242,12973,155,3
5243,11151,160,4
5244,12872,184,3
5245,12566,266,1
5246,10129,168,3
5247,10511,145,2
5248,10423,186,2
5249,12433,374,2
5250,11907,353,4
5251,10232,262,4
5252,10959,423,4
5253,10825,495,4
5254,10065,274,4
5255,10833,457,1
5256,10615,328,4
5257,12029,345,3
5258,10801,223,1
5259,11968,42,4
5260,10278,4,3
5261,12014,276,1
5262,11718,284,2
5263,12414,424,1
5264,12564,193,4
5265,11239,104,1
5266,12487,247,1
5267,10428,300,2
5268,12777,23,1
5269,12444,441,1
5270,11525,303,2
5271,11487,13,4
5272,10586,144,3
5273,10375,218,1
5274,11524,183,2
5275,12996,351,1
5276,10093,242,4
5277,11601,193,4
5278,12369,465,2
5279,10914,272,3
5280,11346,375,3
5281,11841,165,1
5282,11302,180,2
5283,11622,117,3
5284,11562,266,4
5285,11754,378,3
5286,11417,38,2
5287,12965,44,4
5288,10095,351,1
5289,11780,74,4
5290,10959,438,3
5291,11131,369,3
5292,11414,226,3
5293,11784,307,1
5294,12119,308,3
5295,10664,454,2
5296,10969,348,1
5297,12635,476,4
5298,12775,315,3
5299,12416,13,2
5300,12099,425,2
5301,11167,12,1
5302,11572,50,2
5303,11524,488,1
5304,10988,313,1
5305,12308,434,1
5306,11226,249,4
5307,11209,119,4
5308,12206,57,2
5309,10099,182,4
5310,12289,450,1
5311,11515,264,1
5312,10202,106,4
5313,10634,191,2
5314,10746,137,1
5315,10490,188,4
5316,10579,120,3
5317,12575,242,2
5318,10273,319,2
5319,11243,72,2
5320,10786,243,3
5321,10453,131,1
5322,11176,457,2
5323,12395,269,4
5324,10816,393,2
5325,10414,479,4
5326,11551,473,2
5327,10431,52,4
5328,12427,492,4
5329,10895,62,4
5330,12476,119,3
5331,11947,365,3
5332,11108,264,3
5333,10192,239,1
5334,10041,351,4
5335,11888,381,1
5336,11860,255,3
5337,11797,173,4
5338,11333,309,1
5339,10136,237,3
5340,11814,319,1
5341,10106,95,1
5342,10519,337,3
5343,11942,495,4
5344,12862,57,2
5345,11566,438,2
5346,10126,403,1
5347,12448,67,1
5348,12127,46,1
5349,10389,94,4
5350,11559,138,1
5351,11725,369,1
5352,12122,93,1
5353,11029,232,3
5354,11943,402,2
5355,10082,396,2
5356,11561,49,3
5357,10776,23,4
5358,10278,62,4
5359,12888,267,4
5360,11879,329,3
5361,12272,118,2
5362,11608,440,2
5363,10606,88,1
5364,12067,89,2
5365,10640,55,4
5366,11790,153,4
5367,11757,239,1
5368,11367,265,1
5369,12145,268,2
5370,10175,395,1
5371,11377,113,1
5372,10348,166,3
5373,10001,156,2
5374,10063,8,4
5375,11784,202,3
5376,10226,217,4
5377,12471,431,1
5378,11043,292,1
5379,12079,381,4
5380,10845,50,3
5381,12681,107,3
5382,10024,9,3
5383,12885,233,1
5384,11235,188,2
5385,11985,456,1
5386,10161,323,4
5387,11279,309,3
5388,11595,338,2
5389,12162,110,3
5390,12552,483,1
5391,11953,145,2
5392,11696,228,2
5393,10955,309,1
5394,10357,412,3
5395,12217,114,3
5396,10969,63,3
5397,10242,399,1
5398,10139,275,4
5399,12145,124,4
5400,10147,86,3
5401,11081,70,2
5402,11066,47,4
5403,12914,199,3
5404,10543,364,4
5405,10692,432,3
5406,11026,201,4
5407,11162,276,4
5408,11641,37,2
5409,12952,203,2
5410,10730,130,4
5411,12379,448,3
5412,12665,470,2
5413,10404,496,1
5414,12556,292,2
5415,11940,389,4
5416,11151,64,4
5417,11736,263,1
5418,11039,454,2
5419,12274,120,4
5420,12913,278,1
5421,10745,202,1
5422,12541,46,3
5423,10319,168,2
5424,11243,445,2
5425,10773,110,2
5426,11917,46,4
5427,12500,212,1
5428,10944,28,3
5429,12896,87,2
5430,12015,291,3
5431,11214,385,3
5432,12932,157,1
5433,10419,265,2
5434,10865,265,3
5435,10789,22,2
5436,11872,256,2
5437,10495,191,2
5438,11063,450,3
5439,12210,464,1
5440,12026,232,1
5441,12169,186,3
5442,12447,326,4
5443,11986,183,2
5444,10728,397,2
5445,10561,481,1
5446,12652,403,3
5447,11153,463,3
5448,10540,417,4
5449,12404,202,4
5450,10660,65,1
5451,12480,444,4
5452,11864,396,4
5453,12611,43,3
5454,11451,221,3
5455,10817,17,4
5456,11945,324,1
5457,12759,285,4
5458,11216,183,1
5459,10012,391,4
5460,12287,44,3
5461,11896,461,3
5462,12501,389,1
5463,12431,188,4
5464,12830,390,4
5465,10048,482,1
5466,12365,263,4
5467,12257,174,2
5468,11571,441,3
5469,10577,54,3
5470,12363,220,1
5471,10754,46,4
5472,11060,394,1
5473,12963,260,2
5474,12803,195,4
5475,10554,409,2
5476,10403,471,1
5477,11131,347,3
5478,12087,462,2
5479,12629,61,4
5480,12228,166,1
5481,12060,160,1
5482,12991,151,1
5483,10548,111,3
5484,11150,488,1
5485,10063,37,1
5486,10844,3,3
5487,11009,483,1
5488,11843,13,1
5489,12032,162,2
5490,11323,344,1
5491,12082,449,3
5492,10752,332,2
5493,10049,264,1
5494,10658,83,3
5495,11661,265,4
5496,10701,412,1
5497,11081,334,4
5498,12157,380,2
5499,11541,219,3
5500,12072,146,2
5501,12269,298,4
5502,11984,297,4
5503,10315,454,4
5504,12342,161,3
5505,11701,229,4
5506,11018,234,4
5507,10638,89,3
5508,12315,333,4
5509,12136,310,1
5510,12503,215,4
5511,11650,420,3
5512,12805,97,4
5513,12479,213,3
5514,11776,354,4
5515,11967,312,1
5516,12959,100,3
5517,11964,145,3
5518,11768,10,3
5519,10242,471,3
5520,10702,44,4
5521,12950,251,4
5522,10741,386,1
5523,12114,227,1
5524,12426,398,4
5525,12436,249,2
5526,11815,495,3
5527,10781,493,4
5528,12257,169,1
5529,10016,130,3
5530,10986,19,1
5531,10367,336,2
5532,12828,235,3
5533,11253,492,2
5534,12488,345,2
5535,10690,1,2
5536,11060,130,4
5537,10847,496,1
5538,10422,27,3
5539,11644,2,4
5540,11213,250,1
5541,10608,222,4
5542,11339,435,1
5543,10020,138,3
5544,10676,275,3
5545,10382,490,3
5546,10609,464,3
5547,12191,141,1
5548,10062,432,4
5549,11266,256,3
5550,12286,370,3
5551,11155,312,3
5552,11629,456,2
5553,11627,440,3
5554,11147,434,3
5555,11464,95,1
5556,10927,173,2
5557,12390,473,1
5558,11443,443,4
5559,11654,423,2
5560,12503,405,1
5561,10282,439,1
5562,10886,57,4
5563,11025,498,4
5564,10723,102,3
5565,11799,169,3
5566,11236,477,2
5567,10087,70,2
5568,10665,338,4
5569,10862,49,2
5570,11723,428,3
5571,12109,419,4
5572,12845,347,1
5573,12143,5,4
5574,10786,455,2
5575,11577,202,3
5576,11668,202,3
5577,12345,179,1
5578,10694,57,1
5579,12447,186,4
5580,12994,92,3
5581,11255,292,1
5582,10534,394,1
5583,10402,434,4
5584,10130,483,4
5585,12340,227,3
5586,10276,421,2
5587,12960,112,2
5588,11859,148,3
5589,12974,269,2
5590,10055,203,3
5591,12787,378,3
5592,10765,365,1
5593,11221,403,2
5594,10642,348,3
5595,11848,358,2
5596,10724,56,2
5597,11214,301,4
5598,10802,316,2
5599,10738,452,3
5600,10758,185,1
5601,11592,54,2
5602,12615,37,3
5603,11300,211,4
5604,11842,293,2
5605,10340,270,1
5606,10153,351,2
5607,11589,220,3
5608,11422,228,2
5609,11468,428,2
5610,10427,358,4
5611,12252,211,2
5612,11136,298,1
5613,12373,1,2
5614,10950,23,4
5615,12999,448,3
5616,11374,284,2
5617,12031,496,2
5618,12987,388,4
5619,10957,425,4
5620,11702,188,4
5621,12942,18,2
5622,12483,447,1
5623,11304,445,4
5624,10371,49,3
5625,12981,47,2
5626,12297,115,3
5627,12939,39,3
5628,12229,217,1
5629,10703,210,3
5630,11675,262,4
5631,12126,211,4
5632,12967,53,2
5633,12933,460,1
5634,12384,281,1
5635,10050,355,3
5636,12133,321,1
5637,12743,133,3
5638,12052,449,3
5639,10993,264,1
5640,12365,295,2
5641,11135,111,3
5642,11358,43,4
5643,11875,338,4
5644,10763,238,1
5645,12660,379,1
5646,11005,457,3
5647,12962,389,3
5648,12847,247,4
5649,12167,4,3
5650,10350,364,4
5651,12965,349,3
5652,10687,385,2
5653,10542,350,2
5654,10361,312,4
5655,12756,173,2
5656,12733,193,2
5657,12378,3,1
5658,12267,278,3
5659,12256,456,1
5660,11694,56,4
5661,12893,274,1
5662,10085,409,4
5663,10685,176,2
5664,10245,116,1
5665,12920,84,2
5666,11359,159,3
5667,10596,286,2
5668,12733,80,3
5669,11157,66,2
5670,11824,209,1
5671,11798,10,1
5672,10350,199,2
5673,12330,59,4
5674,12341,234,4
5675,11293,307,3
5676,11885,244,3
5677,11561,379,2
5678,10984,393,1
5679,12068,54,3
5680,12807,446,2
5681,11864,337,3
5682,11980,393,1
5683,11737,9,3
5684,12453,101,2
5685,11139,408,3
5686,11919,295,4
5687,10701,203,3
5688,12074,392,1
5689,10566,153,1
5690,10395,110,1
5691,11957,322,1
5692,10523,266,2
5693,11563,373,3
5694,12910,152,3
5695,11107,496,3
5696,12850,464,3
5697,10550,83,2
5698,11469,443,1
5699,12135,415,3
5700,10833,395,3
5701,10387,134,1
5702,10963,326,4
5703,12716,160,4
5704,11422,39,1
5705,10286,176,3
5706,12746,13,1
5707,10369,315,3
5708,12703,67,3
5709,11446,440,4
5710,11742,248,4
5711,12702,41,3
5712,12745,184,3
5713,11467,35,3
5714,11777,422,4
5715,11544,337,3
5716,10915,451,1
5717,10288,290,2
5718,10095,76,2
5719,12717,472,3
5720,12089,70,1
5721,10331,234,3
5722,11837,11,1
5723,11805,368,4
5724,11179,283,4
5725,12552,304,3
5726,10275,24,4
5727,11589,274,3
5728,12227,27,2
5729,11957,54,1
5730,11776,55,1
5731,12185,376,2
5732,10767,233,2
5733,10988,277,2
5734,11760,443,2
5735,11204,371,4
5736,12291,418,1
5737,11120,120,1
5738,10197,225,2
5739,10526,58,3
5740,10632,255,3
5741,11411,176,3
5742,10408,54,3
5743,11293,146,4
5744,11195,259,1
5745,11949,152,1
5746,10691,385,1
5747,12218,262,3
5748,10159,19,2
5749,12495,342,3
5750,11690,371,1
5751,11938,171,3
5752,11018,379,2
5753,11081,392,2
5754,10112,197,3
5755,10048,436,1
5756,11911,73,4
5757,10376,303,1
5758,10828,85,4
5759,12081,284,1
5760,12552,302,3
5761,10627,132,4
5762,11920,120,1
5763,11027,216,3
5764,11892,136,1
5765,12090,116,2
5766,12057,61,2
5767,10819,17,1
5768,10657,34,3
5769,11812,20,1
5770,10790,208,3
5771,11460,458,4
5772,11155,162,2
5773,11630,299,4
5774,11544,10,3
5775,12646,94,1
5776,11674,414,2
5777,11905,371,3
5778,11437,409,3
5779,10936,383,2
5780,10021,441,1
5781,10999,366,2
5782,11432,447,1
5783,10457,107,1
5784,11468,105,3
5785,12028,71,1
5786,10265,431,1
5787,12232,84,2
5788,12275,209,2
5789,12047,259,1
5790,10969,239,3
5791,10805,302,2
5792,11254,232,4
5793,10723,420,3
5794,11096,282,2
5795,11002,394,2
5796,12923,418,4
5797,10084,206,1
5798,10740,264,2
5799,11758,311,4
5800,11994,347,4
5801,10223,394,2
5802,12841,185,3
5803,12781,114,2
5804,12453,79,4
5805,11193,357,2
5806,10329,342,3
5807,10426,301,1
5808,11578,50,1
5809,10770,320,2
5810,11220,95,2
5811,10608,258,4
5812,11853,429,3
5813,12574,351,4
5814,12673,62,4
5815,12125,142,1
5816,12047,330,4
5817,11301,222,4
5818,10920,356,1
5819,12994,111,1
5820,10466,104,3
5821,11965,15,3
5822,11472,270,3
5823,11946,159,2
5824,11184,157,1
5825,12540,27,2
5826,12361,85,2
5827,11655,9,3
5828,12040,276,1
5829,11185,227,2
5830,12356,186,4
5831,11699,79,4
5832,12739,216,1
5833,12137,433,2
5834,12783,57,3
5835,10778,144,2
5836,12799,356,4
5837,12419,331,4
5838,12499,392,3
5839,10167,67,1
5840,12440,275,2
5841,10736,494,4
5842,12539,105,2
5843,10925,451,3
5844,11174,420,3
5845,11492,473,1
5846,11990,188,3
5847,11067,164,1
5848,10945,267,2
5849,10029,51,4
5850,11898,126,4
5851,11656,80,1
5852,11873,183,4
5853,11055,310,1
5854,12741,17,1
5855,11698,446,2
5856,12176,170,2
5857,12815,280,3
5858,12489,401,1
5859,12917,304,2
5860,11412,340,1
5861,11790,214,1
5862,11666,198,1
5863,10524,7,2
5864,11571,398,1
5865,11734,11,1
5866,10760,12,3
5867,12158,110,1
5868,11352,133,3
5869,11269,389,1
5870,11786,128,3
5871,11853,148,2
5872,12211,54,2
5873,12608,311,4
5874,10399,442,1
5875,12631,79,4
5876,12447,346,4
5877,11670,97,3
5878,10239,249,2
5879,11604,127,1
5880,11147,30,1
5881,11558,24,3
5882,12158,471,4
5883,11295,201,3
5884,10300,131,4
5885,11766,122,1
5886,10764,356,3
5887,10249,432,4
5888,12569,327,3
5889,10034,150,2
5890,10228,14,3
5891,10585,304,1
5892,12861,29,3
5893,10724,50,1
5894,12632,464,1
5895,10570,240,3
5896,10220,482,3
5897,11395,394,3
5898,12835,455,2
5899,12576,473,2
5900,12123,283,4
5901,11642,335,3
5902,10136,352,4
5903,12122,156,4
5904,10254,137,1
5905,11955,327,4
5906,10050,336,3
5907,10515,154,2
5908,12792,483,4
5909,12779,81,4
5910,12619,87,2
5911,11838,264,4
5912,10576,258,3
5913,11166,479,4
5914,10903,185,1
5915,12250,180,4
5916,12255,186,1
5917,10415,123,2
5918,12269,377,2
5919,12806,96,4
5920,11105,93,4
5921,10763,3,2
5922,10563,392,1
5923,12417,443,2
5924,11516,2,2
5925,11935,479,1
5926,12944,446,2
5927,11370,371,4
5928,10204,305,4
5929,11577,357,2
5930,10069,148,4
5931,10516,285,3
5932,12288,145,2
5933,10361,330,3
5934,11465,361,2
5935,11055,406,2
5936,11923,262,3
5937,11653,62,2
5938,10707,491,4
5939,11626,226,3
5940,12738,31,2
5941,10657,190,4
5942,11346,375,3
5943,10344,268,3
5944,10536,12,4
5945,10355,191,2
5946,10928,400,2
5947,10983,25,3
5948,12018,406,1
5949,12153,91,2
5950,11346,88,2
5951,11596,332,4
5952,11907,274,1
5953,10527,301,1
5954,12552,111,3
5955,10931,80,4
5956,12757,324,4
5957,12283,140,2
5958,11947,433,3
5959,11287,417,2
5960,12542,214,1
5961,11917,447,4
5962,11594,18,3
5963,12926,54,2
5964,11374,368,2
5965,11224,97,1
5966,11960,283,4
5967,10966,234,1
5968,10964,467,2
5969,10897,240,4
5970,11359,334,4
5971,10217,409,1
5972,10623,418,4
5973,10353,344,1
5974,10692,486,4
5975,12723,444,4
5976,10631,54,3
5977,12373,87,4
5978,12949,261,2
5979,11169,236,3
5980,12356,123,1
5981,10654,420,2
5982,12333,54,1
5983,10392,216,1
5984,12408,420,2
5985,10769,197,1
5986,10797,39,3
5987,10932,454,2
5988,11971,365,1
5989,10165,228,1
5990,10733,237,4
5991,10581,132,4
5992,10821,330,1
5993,11248,500,2
5994,10124,321,3
5995,11972,469,1
5996,10344,168,1
5997,11875,487,1
5998,10524,37,4
5999,10129,67,2
6000,11159,111,1
